movieId,title,genres,release_year,num_ratings,avg_rating,weighted_score
171011,Planet Earth II (2016),Documentary,2016.0,2041,4.451739343459089,4.450330598237049
159817,Planet Earth (2006),Documentary,2006.0,3015,4.448092868988391,4.447141336492638
170705,Band of Brothers (2001),Action|Drama|War,2001.0,2835,4.423985890652557,4.422990980683219
318,"Shawshank Redemption, The (1994)",Crime|Drama,1994.0,122296,4.416792045528881,4.416769083813295
199618,BTS World Tour: Love Yourself in Seoul (2019),Documentary,2019.0,8,4.75,4.40254121982918
247466,Money Heist: The Phenomenon (2020),Documentary,2020.0,10,4.65,4.377117683190983
171495,Cosmos,(no genres listed),,625,4.3432,4.338956000316255
227534,The Matrix Revolutions Revisited (2004),Documentary,2004.0,4,5.0,4.337568699715298
202439,Parasite (2019),Comedy|Drama,2019.0,12399,4.3299459633841435,4.329733522473856
858,"Godfather, The (1972)",Crime|Drama,1972.0,75004,4.32660258119567,4.326567546758903
179135,Blue Planet II (2017),Documentary,2017.0,1267,4.312943962115233,4.31089472986469
198185,Twin Peaks (1989),Drama|Mystery,1989.0,1132,4.302561837455831,4.300286959610487
220528,Twelve Angry Men (1954),Drama,1954.0,332,4.305722891566265,4.297980276042789
171331,The Work of Director Chris Cunningham (2003),(no genres listed),2003.0,24,4.395833333333333,4.289438930703531
242210,James Acaster: Cold Lasagne Hate Myself 1999 (2020),Comedy,2020.0,19,4.421052631578948,4.286924390394847
102672,New York: A Documentary Film (1999),Documentary,1999.0,11,4.5,4.271185553714753
1221,"Godfather: Part II, The (1974)",Crime|Drama,1974.0,47271,4.269509847475196,4.269456675315682
50,"Usual Suspects, The (1995)",Crime|Mystery|Thriller,1995.0,72893,4.267865227113715,4.267830789659075
1203,12 Angry Men (1957),Drama,1957.0,22730,4.267157941047074,4.267047572241698
182723,Cosmos: A Spacetime Odissey,(no genres listed),,599,4.259599332220367,4.255449937101983
163809,Over the Garden Wall (2013),Adventure|Animation|Drama,2013.0,1430,4.256993006993007,4.255255176116125
268520,Ee Nagaraniki Emaindi (2018),Comedy|Drama,2018.0,4,4.875,4.254235366381966
177903,Near Death (1989),Documentary,1989.0,6,4.666666666666667,4.253176524786475
223011,National Theatre Live: Fleabag (2019),Comedy,2019.0,16,4.40625,4.251411788793988
2019,Seven Samurai (Shichinin no samurai) (1954),Action|Adventure|Drama,1954.0,17120,4.2508177570093455,4.250673134692109
286897,Spider-Man: Across the Spider-Verse (2023),Action|Adventure|Animation|Sci-Fi,2023.0,528,4.252840909090909,4.2481611550911165
142115,The Blue Planet (2001),Documentary,2001.0,1080,4.25,4.247712950275686
527,Schindler's List (1993),Drama|War,1993.0,84232,4.242336641656378,4.242307446069263
2959,Fight Club (1999),Action|Crime|Drama|Thriller,1999.0,86207,4.23601911677706,4.235990736607527
279770,Kantara (2022),Action|Mystery|Thriller,2022.0,13,4.423076923076923,4.23502747988612
166024,Whiplash (2013),(no genres listed),2013.0,3054,4.2319908316961365,4.231192870483735
176989,The Living Dead: Three Films About The Power of the Past (1995),(no genres listed),1995.0,9,4.5,4.229582927117436
5618,Spirited Away (Sen to Chihiro no kamikakushi) (2001),Adventure|Animation|Fantasy,2001.0,35375,4.226035335689046,4.225966741447785
904,Rear Window (1954),Mystery|Thriller,1954.0,26064,4.223027931246163,4.222935065303394
176601,Black Mirror,(no genres listed),,1059,4.2247403210576016,4.222455619414036
105250,"Century of the Self, The (2002)",Documentary,2002.0,397,4.221662468513854,4.215602536837824
259833,Come From Away (2021),Comedy|Drama,2021.0,19,4.342105263157895,4.215495818966276
1193,One Flew Over the Cuckoo's Nest (1975),Drama,1975.0,49316,4.212801119312191,4.212752451684949
206212,Evaru (2019),Crime|Thriller,2019.0,10,4.45,4.210451016524316
195641,Final Recourse (2013),Drama|Thriller,2013.0,3,5.0,4.205082439658359
213952,Ciao Ni! (1979),Comedy,1979.0,3,5.0,4.205082439658359
234089,"Love, Kennedy (2017)",Children|Drama,2017.0,3,5.0,4.205082439658359
179731,Sound of Christmas (2016),Drama,2016.0,3,5.0,4.205082439658359
148298,Awaken (2013),Drama|Romance|Sci-Fi,2013.0,3,5.0,4.205082439658359
198755,David Attenborough's Tasmania (2018),Documentary,2018.0,3,5.0,4.205082439658359
200016,The Nagano Tapes (2018),Documentary,2018.0,3,5.0,4.205082439658359
177581,North of the Sun (2012),(no genres listed),2012.0,8,4.5,4.20254121982918
44555,"Lives of Others, The (Das leben der Anderen) (2006)",Drama|Romance|Thriller,2006.0,12626,4.201409789323618,4.201221524564324
750,Dr. Strangelove or: How I Learned to Stop Worrying and Love the Bomb (1964),Comedy|War,1964.0,34324,4.199991259759935,4.199922082741896
912,Casablanca (1942),Drama|Romance,1942.0,34813,4.195889466578577,4.195821496831776
1213,Goodfellas (1990),Crime|Drama,1990.0,44592,4.19191783279512,4.191864946230396
195159,Spider-Man: Into the Spider-Verse (2018),Action|Adventure|Animation|Sci-Fi,2018.0,10885,4.192053284336242,4.191836631964571
296,Pulp Fiction (1994),Comedy|Crime|Drama|Thriller,1994.0,108756,4.191777924896098,4.191756242411577
213215,Mathu Vadalara (2019),Comedy|Crime|Thriller,2019.0,6,4.583333333333333,4.190676524786475
26082,Harakiri (Seppuku) (1962),Drama,1962.0,1282,4.1918876755070205,4.190050944079667
922,Sunset Blvd. (a.k.a. Sunset Boulevard) (1950),Drama|Film-Noir|Romance,1950.0,9627,4.189934559052665,4.189690041769477
147124,The Roosevelts: An Intimate History (2014),Documentary,2014.0,46,4.239130434782608,4.188029420797745
58559,"Dark Knight, The (2008)",Action|Crime|Drama|IMAX,2008.0,65349,4.1875392125357696,4.187503257979194
908,North by Northwest (1959),Action|Adventure|Mystery|Romance|Thriller,1959.0,21883,4.187337202394553,4.187229856623181
157373,It's Such a Beautiful Day (2011),Animation|Comedy|Drama,2011.0,328,4.1935975609756095,4.186440643025127
3435,Double Indemnity (1944),Crime|Drama|Film-Noir,1944.0,6789,4.186036235086169,4.185690680635885
184393,The Criminal Excellency Fund (2018),Action|Comedy|Crime,2018.0,9,4.444444444444445,4.184128381662891
208116,Everything Is Terrible! Presents: The Great Satan (2017),Comedy|Fantasy|Horror,2017.0,9,4.444444444444445,4.184128381662891
6016,City of God (Cidade de Deus) (2002),Action|Adventure|Crime|Drama|Thriller,2002.0,27209,4.1835973391157335,4.183511278975351
1212,"Third Man, The (1949)",Film-Noir|Mystery|Thriller,1949.0,9277,4.18157809636736,4.181326157150371
1178,Paths of Glory (1957),Drama|War,1957.0,5604,4.180317630264097,4.179901072457777
100044,Human Planet (2011),Documentary,2011.0,498,4.181726907630522,4.177050824396583
203847,Kumbalangi Nights (2019),Comedy|Drama|Romance,2019.0,18,4.305555555555555,4.17627060991459
79132,Inception (2010),Action|Crime|Drama|Mystery|Sci-Fi|Thriller|IMAX,2010.0,65056,4.176186669945893,4.176150902459318
228099,Firefly (2002),Action|Adventure|Sci-Fi|Western,2002.0,895,4.174301675977653,4.171711719284605
6818,Come and See (Idi i smotri) (1985),Drama|War,1985.0,1501,4.1725516322451695,4.171008258282296
152559,Tammy and the Doctor (1963),Comedy|Romance,1963.0,4,4.75,4.170902033048632
233167,Center Jenny (2013),(no genres listed),2013.0,4,4.75,4.170902033048632
219613,Stewart Lee: Carpet Remnant World (2012),Comedy,2012.0,7,4.5,4.169490244254644
138024,"Michael Jackson: Dangerous Tour (Bucharest, 1992) (1992)",(no genres listed),1992.0,10,4.4,4.16878434985765
122282,Pride and Prejudice (1980),Comedy|Drama|Romance,1980.0,58,4.206896551724138,4.167090203304863
163134,Your Name. (2016),Animation|Drama|Fantasy|Romance,2016.0,3940,4.16751269035533,4.166926791526709
3030,Yojimbo (1961),Action|Adventure,1961.0,5208,4.167050691244239,4.166607564721361
3000,Princess Mononoke (Mononoke-hime) (1997),Action|Adventure|Animation|Drama|Fantasy,1997.0,18226,4.166026555470207,4.165900011641337
239316,Can't Get You Out of My Head: An Emotional History of the Modern World (2021),Documentary,2021.0,47,4.212765957446808,4.163783922414118
2324,Life Is Beautiful (La Vita è bella) (1997),Comedy|Drama|Romance|War,1997.0,32435,4.163542469554494,4.163471511304938
5971,My Neighbor Totoro (Tonari no Totoro) (1988),Animation|Children|Drama|Fantasy,1988.0,14010,4.163490364025696,4.163326107065251
7926,High and Low (Tengoku to jigoku) (1963),Crime|Drama|Film-Noir|Thriller,1963.0,1259,4.163224781572676,4.161400009673506
926,All About Eve (1950),Drama,1950.0,6257,4.161099568483299,4.160732610991899
2571,"Matrix, The (1999)",Action|Sci-Fi|Thriller,1999.0,107056,4.160630884770588,4.160609439856884
26587,"Decalogue, The (Dekalog) (1989)",Crime|Drama|Romance,1989.0,673,4.163447251114413,4.160037647701174
160718,Piper (2016),Animation,2016.0,2007,4.160438465371201,4.159295874663162
112552,Whiplash (2014),Drama,2014.0,20947,4.157039194156681,4.156929944732363
203086,Truth and Justice (2019),Drama,2019.0,8,4.4375,4.15254121982918
178769,The Good Soldier Švejk (1956),Comedy|War,1956.0,8,4.4375,4.15254121982918
1260,M (1931),Crime|Film-Noir|Thriller,1931.0,5934,4.152763734411864,4.1523796179579335
593,"Silence of the Lambs, The (1991)",Crime|Horror|Thriller,1991.0,101802,4.150286831299974,4.150264482851344
930,Notorious (1946),Film-Noir|Romance|Thriller,1946.0,6186,4.149450371807307,4.149082969004248
170777,There Once Was a Dog (1982),Animation|Children|Comedy,1982.0,433,4.153579676674365,4.148334280915614
109487,Interstellar (2014),Sci-Fi|IMAX,2014.0,40603,4.1469718986281805,4.146916030345975
209551,Love to the Rescue (2019),Romance,2019.0,5,4.6,4.146487456898828
184597,Jeff Wayne's Musical Version of the War of the Worlds Alive on Stage! The New Generation (2013),Sci-Fi,2013.0,5,4.6,4.146487456898828
146327,Can't Change the Meeting Place (1979),Action|Crime,1979.0,177,4.15819209039548,4.145393364236267
4226,Memento (2000),Mystery|Thriller,2000.0,55649,4.143713274272673,4.143672627844931
1284,"Big Sleep, The (1946)",Crime|Film-Noir|Mystery,1946.0,7038,4.143364592213697,4.14304338241453
1252,Chinatown (1974),Crime|Film-Noir|Mystery|Thriller,1974.0,22042,4.143090463660285,4.142987906559531
171769,Isle of Flowers (1989),Documentary,1989.0,87,4.166666666666667,4.140734968520133
1217,Ran (1985),Drama|War,1985.0,6528,4.1400122549019605,4.139666985022709
950,"Thin Man, The (1934)",Comedy|Crime,1934.0,3976,4.139336016096579,4.138769585771315
92475,All Watched Over by Machines of Loving Grace (2011),Documentary,2011.0,233,4.148068669527897,4.1384060093544335
1136,Monty Python and the Holy Grail (1975),Adventure|Comedy|Fantasy,1975.0,47845,4.137098965409134,4.137051965895424
1234,"Sting, The (1973)",Comedy|Crime,1973.0,19514,4.136978579481398,4.136863364019179
1207,To Kill a Mockingbird (1962),Drama,1962.0,19720,4.136409736308316,4.136295781979428
2920,Children of Paradise (Les enfants du paradis) (1945),Drama|Romance,1945.0,1285,4.137743190661479,4.135994881272954
157278,The Sixties (2013),(no genres listed),2013.0,24,4.229166666666667,4.1355927768573775
2329,American History X (1998),Crime|Drama,1998.0,41055,4.134989648033126,4.134934978498143
48516,"Departed, The (2006)",Crime|Drama|Thriller,2006.0,36481,4.13478248951509,4.134720977227703
1201,"Good, the Bad and the Ugly, The (Buono, il brutto, il cattivo, Il) (1966)",Action|Adventure|Western,1966.0,23823,4.131910338748268,4.131816386660998
131724,The Jinx: The Life and Deaths of Robert Durst (2015),Documentary,2015.0,1372,4.13338192419825,4.131750663899775
92259,Intouchables (2011),Comedy|Drama,2011.0,20061,4.131424156323214,4.131312635807122
249180,Violet Evergarden: The Movie (2020),Animation|Drama|Fantasy|Romance,2020.0,25,4.22,4.130570822158955
170355,Mulholland Dr. (1999),Drama|Mystery|Romance,1999.0,1487,4.1311365164761265,4.129634259367557
174703,I Am So Proud of You (2008),Action|Animation|Sci-Fi|Thriller,2008.0,99,4.151515151515151,4.12896447721081
104119,"Forsyte Saga, The (1967)",Drama,1967.0,6,4.5,4.128176524786475
251514,Tim Minchin and the Heritage Orchestra: Live at the Royal Albert Hall (2011),Comedy,2011.0,6,4.5,4.128176524786475
140271,"Mary Is Happy, Mary Is Happy (2013)",Drama,2013.0,6,4.5,4.128176524786475
169906,The Night Of (2016),Crime|Drama,2016.0,1140,4.129824561403509,4.127868136776088
93040,"Civil War, The (1990)",Documentary|War,1990.0,557,4.129263913824057,4.125269073699985
1248,Touch of Evil (1958),Crime|Film-Noir|Thriller,1958.0,5915,4.12552831783601,4.1251521737702035
1147,When We Were Kings (1996),Documentary,1996.0,4207,4.123484668409793,4.12295685725785
1172,Cinema Paradiso (Nuovo cinema Paradiso) (1989),Drama,1989.0,12180,4.123029556650247,4.122847267460047
48780,"Prestige, The (2006)",Drama|Mystery|Sci-Fi|Thriller,2006.0,34046,4.122642894906891,4.122577696551876
913,"Maltese Falcon, The (1941)",Film-Noir|Mystery,1941.0,15630,4.119897632757517,4.119755975703575
31658,Howl's Moving Castle (Hauru no ugoku shiro) (2004),Adventure|Animation|Fantasy|Romance,2004.0,16471,4.1188148867706875,4.118680593225173
134796,Bitter Lake (2015),Documentary,2015.0,138,4.134057971014493,4.118038658559227
1196,Star Wars: Episode V - The Empire Strikes Back (1980),Action|Adventure|Sci-Fi,1980.0,80200,4.118029925187033,4.118002361689213
670,"World of Apu, The (Apur Sansar) (1959)",Drama,1959.0,918,4.119825708061002,4.117418926302491
215615,Pink Floyd: Pulse (1995),Documentary,1995.0,11,4.318181818181818,4.1173393998686
1208,Apocalypse Now (1979),Action|Drama|War,1979.0,34020,4.117092886537331,4.1170279646169625
147250,The Adventures of Sherlock Holmes and Doctor Watson,(no genres listed),,182,4.1291208791208796,4.116985935860282
6669,Ikiru (1952),Drama,1952.0,2096,4.117604961832061,4.116551674069729
160289,O.J.: Made in America (2016),Documentary,2016.0,681,4.119676945668135,4.11643544977788
903,Vertigo (1958),Drama|Mystery|Romance|Thriller,1958.0,20775,4.11598074608905,4.115874544553992
192953,Ghost in the Shell: Stand Alone Complex - Individual Eleven (2006),Animation|Sci-Fi,2006.0,50,4.16,4.115873311505611
608,Fargo (1996),Comedy|Crime|Drama|Thriller,1996.0,61977,4.115325039934169,4.115289459529813
3134,Grand Illusion (La grande illusion) (1937),Drama|War,1937.0,2037,4.116347569955817,4.115265037860858
905,It Happened One Night (1934),Comedy|Romance,1934.0,5243,4.1152965859240895,4.11487615103876
1209,Once Upon a Time in the West (C'era una volta il West) (1968),Action|Drama|Western,1968.0,7426,4.1148666846215995,4.1145699262517885
1204,Lawrence of Arabia (1962),Adventure|Drama|War,1962.0,17152,4.114418143656716,4.114289694077083
179505,Michael Madana Kamarajan (1990),Comedy,1990.0,7,4.428571428571429,4.113934688699088
541,Blade Runner (1982),Action|Sci-Fi|Thriller,1982.0,47695,4.113712129153999,4.113665962475592
252710,Attack On Titan (2013),Action|Adventure|Animation|Fantasy|Sci-Fi,2013.0,263,4.1216730038022815,4.113303442257705
127052,Operation 'Y' & Other Shurik's Adventures (1965),Comedy|Crime|Romance,1965.0,598,4.116220735785953,4.1125423536638195
263965,Downton Abbey: Christmas Special 2015 (2015),Children|Drama|Romance,2015.0,16,4.25,4.1125228999051
2859,Stop Making Sense (1984),Documentary|Musical,1984.0,2704,4.113165680473373,4.1123523326675135
1280,Raise the Red Lantern (Da hong deng long gao gao gua) (1991),Drama,1991.0,3826,4.112258233141662,4.111683754492762
1254,"Treasure of the Sierra Madre, The (1948)",Action|Adventure|Drama|Western,1948.0,6607,4.112002421673982,4.111669755212331
1148,Wallace & Gromit: The Wrong Trousers (1993),Animation|Children|Comedy|Crime,1993.0,18597,4.111200731300747,4.11108260724761
1197,"Princess Bride, The (1987)",Action|Adventure|Comedy|Fantasy|Romance,1987.0,50775,4.110901033973412,4.110857778368125
7153,"Lord of the Rings: The Return of the King, The (2003)",Action|Adventure|Drama|Fantasy,2003.0,75512,4.11018116325882,4.110152096461561
7099,Nausicaä of the Valley of the Wind (Kaze no tani no Naushika) (1984),Adventure|Animation|Drama|Fantasy|Sci-Fi,1984.0,7596,4.10926803580832,4.108979390918438
1233,"Boot, Das (Boat, The) (1981)",Action|Drama|War,1981.0,17052,4.108198451794511,4.108069978433112
1945,On the Waterfront (1954),Crime|Drama,1954.0,7326,4.108312858312859,4.108013839000859
3089,Bicycle Thieves (a.k.a. The Bicycle Thief) (a.k.a. The Bicycle Thieves) (Ladri di biciclette) (1948),Drama,1948.0,5034,4.108164481525626,4.107729430539773
98491,Paperman (2012),Animation|Comedy|Romance,2012.0,3792,4.107990506329114,4.1074131292035565
116897,Wild Tales (2014),Comedy|Drama|Thriller,2014.0,3043,4.107788366743345,4.107069100886139
136469,Larry David: Curb Your Enthusiasm (1999),Comedy,1999.0,475,4.111578947368421,4.106971514042541
1704,Good Will Hunting (1997),Drama|Romance,1997.0,54980,4.106602400873045,4.106562609803177
173535,The Adventures of Sherlock Holmes and Doctor Watson: The Hunt for the Tiger (1980),(no genres listed),1980.0,125,4.124,4.106499308647967
5291,Rashomon (Rashômon) (1950),Crime|Drama|Mystery,1950.0,6198,4.106243949661181,4.105891195515853
158783,The Handmaiden (2016),Drama|Romance|Thriller,2016.0,2756,4.106494920174166,4.105701744814464
179649,Horse Crazy (2001),Children|Drama,2001.0,3,4.833333333333333,4.105082439658359
189573,Freshman Father (2010),(no genres listed),2010.0,3,4.833333333333333,4.105082439658359
196797,Hiroshima (1995),Drama,1995.0,3,4.833333333333333,4.105082439658359
169554,Trevor Moore: High In Church (2015),Comedy,2015.0,3,4.833333333333333,4.105082439658359
174409,PsyWar: The real battlefield is your mind (2010),Documentary,2010.0,3,4.833333333333333,4.105082439658359
231409,From All of Us to All of You (1958),Animation|Children|Comedy,1958.0,8,4.375,4.102541219829179
26073,"Human Condition III, The (Ningen no joken III) (1961)",Drama|War,1961.0,145,4.117241379310345,4.102213688423754
1131,Jean de Florette (1986),Drama|Mystery,1986.0,3670,4.1024523160762945,4.101858772385156
2858,American Beauty (1999),Drama|Romance,1999.0,69902,4.101649452090069,4.1016182966954435
1198,Raiders of the Lost Ark (Indiana Jones and the Raiders of the Lost Ark) (1981),Action|Adventure,1981.0,75248,4.101039230278546,4.101010304481041
898,"Philadelphia Story, The (1940)",Comedy|Drama|Romance,1940.0,8292,4.101242161119151,4.100979673522823
5690,Grave of the Fireflies (Hotaru no haka) (1988),Animation|Drama|War,1988.0,6946,4.101209329110279,4.100896000604245
147330,Sherlock Holmes and Dr. Watson: Acquaintance (1979),Crime,1979.0,212,4.110849056603773,4.100586038309774
90592,How to Die in Oregon (2011),Documentary|Drama,2011.0,73,4.13013698630137,4.100338829310558
3307,City Lights (1931),Comedy|Drama|Romance,1931.0,4103,4.100658055081648,4.100127993227356
4993,"Lord of the Rings: The Fellowship of the Ring, The (2001)",Adventure|Fantasy,2001.0,79940,4.099330748061046,4.099303562735463
2186,Strangers on a Train (1951),Crime|Drama|Film-Noir|Thriller,1951.0,6900,4.099420289855073,4.099105391509459
1949,"Man for All Seasons, A (1966)",Drama,1966.0,2465,4.098580121703854,4.097699802269271
293,Léon: The Professional (a.k.a. The Professional) (Léon) (1994),Action|Crime|Drama|Thriller,1994.0,43539,4.097544730012173,4.097494899340812
2905,Sanjuro (Tsubaki Sanjûrô) (1962),Action|Adventure|Drama,1962.0,1824,4.098410087719298,4.097220926724146
158970,Alone in the Wilderness Part II (2011),Documentary,2011.0,24,4.1875,4.097131238395838
745,Wallace & Gromit: A Close Shave (1995),Animation|Children|Comedy,1995.0,14587,4.096215808596695,4.096067270696984
2351,"Nights of Cabiria (Notti di Cabiria, Le) (1957)",Drama,1957.0,1669,4.096764529658478,4.095467033033089
174551,Obsession (1965),Comedy,1965.0,56,4.133928571428571,4.095265727556755
27423,"O Auto da Compadecida (Dog's Will, A) (2000)",Adventure|Comedy,2000.0,273,4.102564102564102,4.094637862539242
96829,"Hunt, The (Jagten) (2012)",Drama,2012.0,5088,4.0947327044025155,4.0943075466008425
1089,Reservoir Dogs (1992),Crime|Mystery|Thriller,1992.0,45318,4.094178913456022,4.094131187383017
27773,Old Boy (2003),Mystery|Thriller,2003.0,17878,4.093858373419845,4.093737439160978
2731,"400 Blows, The (Les quatre cents coups) (1959)",Crime|Drama,1959.0,4300,4.093837209302325,4.093334591398952
175829,Chris Gethard: Career Suicide (2017),Comedy,2017.0,9,4.333333333333333,4.093219290753799
189429,Royal Matchmaker (2018),(no genres listed),2018.0,9,4.333333333333333,4.093219290753799
7327,Persona (1966),Drama,1966.0,2736,4.093201754385965,4.092412495324431
260,Star Wars: Episode IV - A New Hope (1977),Action|Adventure|Sci-Fi,1977.0,97202,4.092400362132467,4.092378147115327
120807,John Mulaney: New In Town (2012),Comedy,2012.0,692,4.095375722543353,4.092255637173332
3677,Baraka (1992),Documentary,1992.0,2253,4.09254327563249,4.091585548646693
2203,Shadow of a Doubt (1943),Crime|Drama|Thriller,1943.0,2869,4.09149529452771,4.090743786902922
1224,Henry V (1989),Action|Drama|Romance|War,1989.0,5027,4.090610702208076,4.090182026684886
1262,"Great Escape, The (1963)",Action|Adventure|Drama|War,1963.0,13818,4.089593284122159,4.08943743937759
171749,Death Note: Desu nôto (2006–2007),(no genres listed),,509,4.093320235756385,4.089090826219749
326,To Live (Huozhe) (1994),Drama,1994.0,1572,4.0900127226463106,4.08864384510692
47,Seven (a.k.a. Se7en) (1995),Mystery|Thriller,1995.0,65666,4.087747083726739,4.0877143420265325
1232,Stalker (1979),Drama|Mystery|Sci-Fi,1979.0,4024,4.088220675944334,4.087686391504792
65188,Dear Zachary: A Letter to a Son About His Father (2008),Documentary,2008.0,1344,4.089285714285714,4.0876860417520735
189189,Wait for Your Laugh (2017),Documentary,2017.0,4,4.625,4.087568699715298
235609,The Blackwell Ghost 4 (2020),Horror,2020.0,4,4.625,4.087568699715298
106115,"Story of Science, The (2010)",Documentary,2010.0,4,4.625,4.087568699715298
164787,You Cast A Spell On Me (2015),(no genres listed),2015.0,4,4.625,4.087568699715298
152145,The Dhamma Brothers (2007),Documentary,2007.0,4,4.625,4.087568699715298
3429,Creature Comforts (1989),Animation|Comedy,1989.0,2873,4.0880612600069615,4.08731318685158
4973,"Amelie (Fabuleux destin d'Amélie Poulain, Le) (2001)",Comedy|Romance,2001.0,45749,4.08682156987038,4.086774615029142
1189,"Thin Blue Line, The (1988)",Documentary,1988.0,3233,4.086142901330034,4.085479261885098
668,Song of the Little Road (Pather Panchali) (1955),Drama,1955.0,1104,4.087409420289855,4.085466014645833
240686,Infinity Train (2016),Adventure|Animation,2016.0,10,4.3,4.085451016524316
278928,Pamfir (2022),Drama,2022.0,10,4.3,4.085451016524316
3462,Modern Times (1936),Comedy|Drama|Romance,1936.0,6258,4.085410674336849,4.085067957220175
6350,Laputa: Castle in the Sky (Tenkû no shiro Rapyuta) (1986),Action|Adventure|Animation|Children|Fantasy|Sci-Fi,1986.0,7778,4.084597582926202,4.084322032416233
5147,Wild Strawberries (Smultronstället) (1957),Drama,1957.0,2881,4.0838250607427975,4.083082002149945
111,Taxi Driver (1976),Crime|Drama|Thriller,1976.0,39051,4.081329543417582,4.081274816587671
7396,Scenes From a Marriage (Scener ur ett äktenskap) (1973),Drama,1973.0,819,4.083638583638583,4.0810297347116835
5952,"Lord of the Rings: The Two Towers, The (2002)",Adventure|Fantasy,2002.0,73687,4.080869081384776,4.080840090273966
179173,Rabbit of Seville (1950),Animation|Comedy,1950.0,259,4.088803088803089,4.0805571348593555
231701,Kill Bill: The Whole Bloody Affair (2011),Action|Crime,2011.0,241,4.089211618257261,4.080351490527949
127180,"Story of Film: An Odyssey, The (2011)",Documentary,2011.0,129,4.096899224806202,4.080346658002227
126967,Letter from Siberia (1957),(no genres listed),1957.0,17,4.205882352941177,4.0802848525416735
1237,"Seventh Seal, The (Sjunde inseglet, Det) (1957)",Drama,1957.0,6867,4.080384447356924,4.080073578715721
2357,Central Station (Central do Brasil) (1998),Drama,1998.0,2760,4.080797101449275,4.080023682910316
951,His Girl Friday (1940),Comedy|Romance,1940.0,5043,4.0804084870117,4.079985215500157
7156,"Fog of War: Eleven Lessons from the Life of Robert S. McNamara, The (2003)",Documentary|War,2003.0,3369,4.079845651528643,4.079212522159089
5008,Witness for the Prosecution (1957),Drama|Mystery|Thriller,1957.0,2693,4.079093947270702,4.078302564823114
142488,Spotlight (2015),Thriller,2015.0,9188,4.077383543752721,4.077151840282731
261955,The Rescue (2021),Documentary|Thriller,2021.0,141,4.092198581560283,4.077100784603439
114635,"Look of Silence, The (2014)",Documentary,2014.0,265,4.084905660377358,4.076874202989856
2360,"Celebration, The (Festen) (1998)",Drama,1998.0,3123,4.077489593339737,4.076808131903453
135456,Ghost in the Shell: Stand Alone Complex - The Laughing Man (2005),Action|Animation|Crime|Sci-Fi,2005.0,383,4.082245430809399,4.076689382333225
270698,Everything Everywhere All at Once (2022),Action|Comedy|Sci-Fi,2022.0,3947,4.076640486445402,4.076101649075283
1250,"Bridge on the River Kwai, The (1957)",Adventure|Drama|War,1957.0,15792,4.075576241134752,4.075441649499703
1276,Cool Hand Luke (1967),Drama,1967.0,14414,4.075274039128625,4.075126624042612
125920,Buffalo Girls (2012),Action,2012.0,5,4.5,4.0750588854702565
149314,Elaine Stritch: At Liberty (2002),(no genres listed),2002.0,5,4.5,4.0750588854702565
178535,September 11: The New Pearl Harbor (2013),Documentary,2013.0,5,4.5,4.0750588854702565
232217,Passing Strange (2009),Documentary,2009.0,5,4.5,4.0750588854702565
203415,Charm City (2018),Documentary,2018.0,5,4.5,4.0750588854702565
139096,Unmatched (2010),Documentary,2010.0,5,4.5,4.0750588854702565
1939,"Best Years of Our Lives, The (1946)",Drama|War,1946.0,2276,4.07579086115993,4.074857511939548
1267,"Manchurian Candidate, The (1962)",Crime|Thriller|War,1962.0,10773,4.07504873294347,4.074851546375712
99764,It's Such a Beautiful Day (2012),Animation|Comedy|Drama|Fantasy|Sci-Fi,2012.0,726,4.077134986225896,4.07421073104161
256991,Adventure Time: Elements (2017),Adventure|Animation|Comedy|Fantasy,2017.0,12,4.25,4.073243728449414
5498,Red Beard (Akahige) (1965),Drama,1965.0,688,4.076308139534884,4.073225235069989
135492,Kaaka Muttai (2015),(no genres listed),2015.0,19,4.184210526315789,4.072638676109133
147825,For Some Inexplicable Reason (2014),Drama,2014.0,19,4.184210526315789,4.072638676109133
283577,Past Lives (2023),Drama|Romance,2023.0,33,4.136363636363637,4.072154634236909
4011,Snatch (2000),Comedy|Crime|Thriller,2000.0,33628,4.071056857380754,4.0709939165090185
3196,Stalag 17 (1953),Drama|War,1953.0,3348,4.071535244922342,4.070903108118893
148626,"Big Short, The (2015)",Drama,2015.0,15980,4.070588235294117,4.070455851094875
923,Citizen Kane (1941),Drama|Mystery,1941.0,24159,4.070491328283455,4.070403766905272
3022,"General, The (1926)",Comedy|War,1926.0,3179,4.070619691726958,4.069954546431402
678,Some Folks Call It a Sling Blade (1993),Drama|Thriller,1993.0,2846,4.070625439212931,4.069882518328052
7361,Eternal Sunshine of the Spotless Mind (2004),Drama|Romance|Sci-Fi,2004.0,46292,4.069709669057288,4.069664004238093
96606,Samsara (2011),Documentary,2011.0,1427,4.071128241065172,4.069646894470464
1214,Alien (1979),Horror|Sci-Fi,1979.0,46572,4.069505282143777,4.06945990063551
135440,Edifício Master (2002),Documentary,2002.0,20,4.175,4.069336918104172
89985,"Trap: What Happened to Our Dream of Freedom, The (2007)",Documentary,2007.0,85,4.094117647058823,4.069257611474618
244836,The Present (2020),Drama,2020.0,13,4.230769230769231,4.068360813219453
356,Forrest Gump (1994),Comedy|Drama|Romance|War,1994.0,113581,4.068189221788855,4.068170636558272
1225,Amadeus (1984),Drama,1984.0,26190,4.067926689576174,4.067846113782769
26003,Night and Fog (Nuit et brouillard) (1955),Crime|Documentary|War,1955.0,604,4.071192052980132,4.06769869999718
3819,Tampopo (1985),Comedy,1985.0,2229,4.06864064602961,4.06769404401537
143511,Human (2015),Documentary,2015.0,161,4.080745341614906,4.067640565633692
183329,Cuba and the Cameraman (2017),Documentary,2017.0,28,4.142857142857143,4.0675137399430605
3468,"Hustler, The (1961)",Drama,1961.0,5197,4.0676351741389265,4.0672293541446995
26699,Close-Up (Nema-ye Nazdik) (1990),Drama,1990.0,383,4.0718015665796345,4.066299771943615
6643,Tokyo Story (Tôkyô monogatari) (1953),Drama,1953.0,1456,4.0676510989010985,4.066203986418581
259623,Joe Pera Talks You to Sleep (2016),Animation,2016.0,6,4.416666666666667,4.065676524786475
246512,Nuvvu Naaku Nachav (2001),Children|Comedy|Drama|Romance,2001.0,6,4.416666666666667,4.065676524786475
195573,The Tragedy of Man (2011),Animation|Drama,2011.0,6,4.416666666666667,4.065676524786475
1132,Manon of the Spring (Manon des sources) (1986),Drama,1986.0,3337,4.066227150134852,4.065596110272025
1361,Paradise Lost: The Child Murders at Robin Hood Hills (1996),Documentary,1996.0,1935,4.06640826873385,4.065320295404383
1256,Duck Soup (1933),Comedy|Musical|War,1933.0,6742,4.063705132008306,4.0633934478348595
2935,"Lady Eve, The (1941)",Comedy|Romance,1941.0,1727,4.064562825709323,4.063346103064368
202749,Portrait of a Lady on Fire (2019),Drama|Romance,2019.0,1637,4.063836285888821,4.062553637704877
8684,"Man Escaped, A (Un  condamné à mort s'est échappé ou Le vent souffle où il veut) (1956)",Adventure|Drama,1956.0,687,4.065502183406114,4.062446171550496
1219,Psycho (1960),Crime|Horror,1960.0,28016,4.061250713877784,4.061175865950399
172719,Notre Dame de Paris (1998),Drama|Romance,1998.0,15,4.2,4.0603183646054
5995,"Pianist, The (2002)",Drama|War,2002.0,23807,4.059478304700298,4.059390373900554
134849,Duck Amuck (1953),Animation|Children|Comedy,1953.0,408,4.063725490196078,4.058598566337297
928,Rebecca (1940),Drama|Mystery|Romance|Thriller,1940.0,6153,4.058833089549813,4.0584931620143445
207313,Knives Out (2019),Comedy|Crime|Drama|Mystery|Thriller,2019.0,11275,4.058669623059867,4.058484119198217
4144,In the Mood For Love (Fa yeung nin wa) (2000),Drama|Romance,2000.0,4270,4.0588992974238876,4.058409506600724
150854,The West (1996),(no genres listed),1996.0,7,4.357142857142857,4.058379133143533
193205,The Cave of the Golden Rose 2 (1992),Adventure|Children|Fantasy|Romance,1992.0,7,4.357142857142857,4.058379133143533
195529,Mushishi: The Shadow That Devours the Sun (2014),Adventure|Animation|Fantasy,2014.0,33,4.121212121212121,4.057868919951194
2028,Saving Private Ryan (1998),Action|Drama|War,1998.0,64235,4.057476453646766,4.057443925030719
53883,"Power of Nightmares, The: The Rise of the Politics of Fear (2004)",Documentary,2004.0,286,4.064685314685315,4.057379903466291
2330,Hands on a Hard Body (1996),Comedy|Documentary,1996.0,895,4.058659217877095,4.05632710389999
306,Three Colors: Red (Trois couleurs: Rouge) (1994),Drama,1994.0,8956,4.056163465832961,4.055930499240712
3469,Inherit the Wind (1960),Drama,1960.0,2307,4.056566970091027,4.0556628030308755
6896,Shoah (1985),Documentary|War,1985.0,360,4.061111111111111,4.055318818227325
3090,Matewan (1987),Drama,1987.0,1239,4.056497175141243,4.054814997742379
800,Lone Star (1996),Drama|Mystery|Western,1996.0,7682,4.054022390002603,4.053751355049231
1617,L.A. Confidential (1997),Crime|Film-Noir|Mystery|Thriller,1997.0,35791,4.05365874102428,4.05360057587233
164179,Arrival (2016),Sci-Fi,2016.0,20587,4.053164618448536,4.053063549089237
55820,No Country for Old Men (2007),Crime|Drama,2007.0,28009,4.053054375379342,4.052980093970165
177521,Photon (2017),Documentary,2017.0,8,4.3125,4.0525412198291795
146028,The Adventures of Sherlock Holmes and Dr. Watson: The Hound of the Baskervilles (1981),Crime|Mystery,1981.0,265,4.060377358490566,4.052529633701467
942,Laura (1944),Crime|Film-Noir|Mystery,1944.0,3363,4.0527802557240555,4.0521620838627905
102666,Ivan Vasilievich: Back to the Future (Ivan Vasilievich menyaet professiyu) (1973),Adventure|Comedy,1973.0,747,4.054886211512717,4.052103354069816
5782,"Professional, The (Le professionnel) (1981)",Action|Drama|Thriller,1981.0,4982,4.052488960256925,4.052071711917796
147290,Seventeen Moments in Spring (1973),Adventure|Drama|War,1973.0,85,4.076470588235294,4.052016232164273
147328,The Adventures of Sherlock Holmes and Dr. Watson: Bloody Signature (1979),Crime,1979.0,201,4.062189054726368,4.051849321173852
916,Roman Holiday (1953),Comedy|Drama|Romance,1953.0,8180,4.051589242053789,4.051335298484269
26131,"Battle of Algiers, The (La battaglia di Algeri) (1966)",Drama|War,1966.0,1927,4.051894135962637,4.050816698910468
1299,"Killing Fields, The (1984)",Drama|War,1984.0,8314,4.0508178975222515,4.050568231385076
167832,The Invisible Guest (2016),Thriller,2016.0,1354,4.052067946824224,4.050534964748003
3077,42 Up (1998),Documentary,1998.0,1278,4.052034428794992,4.0504104782799155
31364,Memories of Murder (Salinui chueok) (2003),Crime|Drama|Mystery|Thriller,2003.0,2894,4.05062197650311,4.049905183770129
208703,1917 (2019),Drama|War,2019.0,7377,4.049816998779992,4.049535900826439
147833,Anthony Jeselnik: Caligula (2013),Comedy,2013.0,49,4.091836734693878,4.049517886241016
1222,Full Metal Jacket (1987),Drama|War,1987.0,33265,4.049496467758906,4.04943413629718
167792,"What's Opera, Doc? (1957)",Animation|Children|Comedy,1957.0,196,4.058673469387755,4.048108142415615
225758,David Attenborough: A Life on Our Planet (2020),Documentary,2020.0,404,4.053217821782178,4.048092148271654
160694,Patterns of Evidence: The Exodus (2015),Documentary,2015.0,9,4.277777777777778,4.047764745299254
183563,Postmen in the Mountains (1999),Drama,1999.0,9,4.277777777777778,4.047764745299254
166291,A Silent Voice (2016),Animation|Drama|Romance,2016.0,925,4.04972972972973,4.047492354043465
86781,Incendies (2010),Drama|Mystery|War,2010.0,2185,4.048054919908467,4.047108098856101
7766,Throne of Blood (Kumonosu jô) (1957),Action|Drama|Thriller|War,1957.0,1753,4.047917855105533,4.046738126608713
147326,The Adventures of Sherlock Holmes and Doctor Watson: King of Blackmailers (1980),Crime|Mystery,1980.0,160,4.059375,4.046453161717851
3224,Woman in the Dunes (Suna no onna) (1964),Drama,1964.0,1054,4.047912713472486,4.045952094884746
183423,AlphaGo (2017),Documentary,2017.0,526,4.0494296577946765,4.0455026746179765
969,"African Queen, The (1951)",Adventure|Comedy|Romance|War,1951.0,12495,4.044937975190076,4.04477277844269
136447,George Carlin: You Are All Diseased (1999),Comedy,1999.0,279,4.051971326164875,4.044574420634491
104879,Prisoners (2013),Drama|Mystery|Thriller,2013.0,9689,4.044535039735782,4.044322093922019
2208,"Lady Vanishes, The (1938)",Drama|Mystery|Thriller,1938.0,2828,4.044908062234795,4.0441785908827885
198003,U.S. Go Home (1994),Drama,1994.0,10,4.25,4.04378434985765
158294,Sillunu Oru Kaadhal (2006),Children|Romance,2006.0,10,4.25,4.04378434985765
3147,"Green Mile, The (1999)",Crime|Drama,1999.0,41222,4.042695647954975,4.042645677571277
107412,"Kidnapping, Caucasian Style (Kavkazskaya plennitsa) (1967)",Comedy|Romance,1967.0,395,4.046835443037975,4.04162572342139
1041,Secrets & Lies (1996),Drama,1996.0,6213,4.041847738612587,4.041516558680337
169954,Prohibition (2011),Documentary,2011.0,47,4.085106382978723,4.041334942822281
26662,Kiki's Delivery Service (Majo no takkyûbin) (1989),Adventure|Animation|Children|Drama|Fantasy,1989.0,7039,4.041483165222333,4.04119094051957
188173,The Godfather Family: A Look Inside (1990),Action|Documentary|Drama,1990.0,23,4.130434782608695,4.041016487931672
207247,My Thoughts Are Silent (2019),Comedy,2019.0,23,4.130434782608695,4.041016487931672
68157,Inglourious Basterds (2009),Action|Drama|War,2009.0,36055,4.04038274857856,4.04032574568595
3470,Dersu Uzala (1975),Adventure|Drama,1975.0,1333,4.040510127531883,4.038970346215948
27156,"Neon Genesis Evangelion: The End of Evangelion (Shin seiki Evangelion Gekijô-ban: Air/Magokoro wo, kimi ni) (1997)",Action|Animation|Drama|Fantasy|Sci-Fi,1997.0,1787,4.039731393396754,4.038583237673723
270366,The Beatles: Get Back - The Rooftop Concert (2022),Documentary,2022.0,25,4.12,4.037978229566363
28,Persuasion (1995),Drama|Romance,1995.0,3497,4.038318558764655,4.037732327007228
189161,Born in the USSR: 21 Up (2005),(no genres listed),2005.0,12,4.208333333333333,4.037529442735128
172725,The Secret Life of Chaos (2010),Documentary,2010.0,12,4.208333333333333,4.037529442735128
31545,"Trou, Le (Hole, The) (Night Watch, The) (1960)",Crime|Film-Noir,1960.0,360,4.043055555555555,4.0373630171223525
193950,Free Solo (2018),Documentary,2018.0,2133,4.038209095171121,4.037248436626835
53226,"Great War, The (Grande guerra, La) (1959)",Action|Adventure|Comedy|Drama|War,1959.0,39,4.089743589743589,4.037205175568092
196067,The Dawn Wall (2018),Adventure|Documentary,2018.0,335,4.043283582089552,4.037167395247157
2066,Out of the Past (1947),Film-Noir,1947.0,1522,4.038436268068331,4.037090165484443
1228,Raging Bull (1980),Drama,1980.0,13554,4.036668142245832,4.0365170708319775
26366,Harlan County U.S.A. (1976),Documentary,1976.0,289,4.0432525951557095,4.0361698013687
1258,"Shining, The (1980)",Horror,1980.0,40297,4.035709854331588,4.0356590836546395
3415,"Mirror, The (Zerkalo) (1975)",Drama,1975.0,1298,4.036979969183359,4.0354041632294555
3091,Kagemusha (1980),Drama|War,1980.0,1749,4.036020583190394,4.034851748828265
58425,Heima (2007),Documentary,2007.0,330,4.040909090909091,4.034715096982807
134130,The Martian (2015),Adventure|Drama|Sci-Fi,2015.0,30091,4.034644910438337,4.03457699173224
109374,"Grand Budapest Hotel, The (2014)",Comedy|Drama,2014.0,22142,4.034414235389757,4.0343219568369895
26150,Andrei Rublev (Andrey Rublyov) (1969),Drama|War,1969.0,1338,4.035500747384155,4.03397418820768
5932,Burden of Dreams (1982),Documentary,1982.0,470,4.038297872340426,4.033952144487906
3629,"Gold Rush, The (1925)",Adventure|Comedy|Romance,1925.0,3000,4.0345,4.0338192578941685
56782,There Will Be Blood (2007),Drama|Western,2007.0,15800,4.0334810126582274,4.03335181699774
177765,Coco (2017),Adventure|Animation|Children,2017.0,10083,4.033521769314688,4.033319326940832
99114,Django Unchained (2012),Action|Drama|Western,2012.0,33575,4.033104988830975,4.033044209196721
149306,Jimi Plays Monterey (1986),(no genres listed),1986.0,14,4.178571428571429,4.032838262393237
166465,"Thelonious Monk: Straight, No Chaser (1988)",Documentary,1988.0,14,4.178571428571429,4.032838262393237
136449,Ghost in the Shell 2.0 (2008),Action|Animation|Sci-Fi,2008.0,983,4.034587995930824,4.032513108830754
720,Wallace & Gromit: The Best of Aardman Animation (1996),Adventure|Animation|Comedy,1996.0,9950,4.032713567839196,4.032508582415423
3035,Mister Roberts (1955),Comedy|Drama|War,1955.0,2748,4.03311499272198,4.032372877163015
945,Top Hat (1935),Comedy|Musical|Romance,1935.0,2398,4.033152627189325,4.032302255082622
4427,"Lion in Winter, The (1968)",Drama,1968.0,1908,4.0332809224318655,4.0322122576954404
911,Charade (1963),Comedy|Crime|Mystery|Romance|Thriller,1963.0,5302,4.032157676348548,4.031773267759859
1281,"Great Dictator, The (1940)",Comedy|Drama|War,1940.0,5719,4.032086029026053,4.031729664778586
126947,Carriage to Vienna (1966),Drama|War,1966.0,15,4.166666666666667,4.0309065998995175
188773,Shoplifters (2018),Drama,2018.0,1376,4.031976744186046,4.030497396370313
2542,"Lock, Stock & Two Smoking Barrels (1998)",Comedy|Crime|Thriller,1998.0,25084,4.030218465954393,4.030137344024487
148667,John Mulaney: The Comeback Kid (2015),Comedy,2015.0,689,4.032656023222061,4.029703925033707
136445,George Carlin: Back in Town (1996),Comedy,1996.0,188,4.039893617021277,4.029081116833114
214,Before the Rain (Pred dozhdot) (1994),Drama|War,1994.0,1049,4.030981887511916,4.029044160036434
2937,"Palm Beach Story, The (1942)",Comedy,1942.0,1027,4.030671859785784,4.028693306315152
7566,28 Up (1985),Documentary,1985.0,910,4.030769230769231,4.028536636182337
2132,Who's Afraid of Virginia Woolf? (1966),Drama,1966.0,3862,4.028741584671155,4.028215686386722
6787,All the President's Men (1976),Drama|Thriller,1976.0,6435,4.028515928515929,4.028200312598772
1304,Butch Cassidy and the Sundance Kid (1969),Action|Western,1969.0,18982,4.028263618164577,4.028156627275511
165969,HyperNormalisation (2016),Documentary,2016.0,301,4.034883720930233,4.028136673921756
3730,"Conversation, The (1974)",Drama|Mystery,1974.0,5844,4.0282340862423,4.027886659630224
149412,Legend of the Galactic Heroes: My Conquest Is the Sea of Stars (1988),Animation|Sci-Fi,1988.0,35,4.085714285714285,4.027713843197075
1950,In the Heat of the Night (1967),Drama|Mystery,1967.0,4325,4.028092485549133,4.027623159740766
1251,8 1/2 (8½) (1963),Drama|Fantasy,1963.0,4493,4.027598486534609,4.027146921512411
158157,Little Forest: Winter/Spring (2015),Drama,2015.0,36,4.083333333333333,4.026984531533994
910,Some Like It Hot (1959),Comedy|Crime,1959.0,15012,4.0271116440181185,4.026976516064892
7256,Touching the Void (2003),Adventure|Documentary,2003.0,2928,4.026639344262295,4.02594723965812
152970,Hunt for the Wilderpeople (2016),Adventure|Comedy,2016.0,3325,4.026466165413534,4.025856751487313
1218,"Killer, The (Die xue shuang xiong) (1989)",Action|Crime|Drama|Thriller,1989.0,3238,4.02609635577517,4.025470806234041
953,It's a Wonderful Life (1946),Children|Drama|Fantasy|Romance,1946.0,19738,4.025306515351099,4.025203921590592
150900,Top Gear: The Worst Car In the History of the World (2012),(no genres listed),2012.0,19,4.131578947368421,4.025019628490085
219994,The Father (2020),Drama,2020.0,1193,4.026404023470243,4.02470745790652
93988,North & South (2004),Drama|Romance,2004.0,485,4.028865979381443,4.0246928381895115
3983,You Can Count on Me (2000),Drama|Romance,2000.0,3315,4.025188536953243,4.024578056134547
1230,Annie Hall (1977),Comedy|Romance,1977.0,21245,4.024664626971052,4.024569370367502
140265,George Carlin: Jammin' in New York (1992),Comedy,1992.0,245,4.03265306122449,4.0243943813696035
4432,Sweet Smell of Success (1957),Drama|Film-Noir,1957.0,1201,4.025811823480433,4.024127524686859
2843,"Black Cat, White Cat (Crna macka, beli macor) (1998)",Comedy|Romance,1998.0,1987,4.024660291897333,4.023642741175611
4298,Rififi (Du rififi chez les hommes) (1955),Crime|Film-Noir|Thriller,1955.0,1153,4.025151777970511,4.023398625279905
8477,"Jetée, La (1962)",Romance|Sci-Fi,1962.0,1563,4.024632117722329,4.0233389215324555
187531,John Mulaney: Kid Gorgeous at Radio City (2018),Comedy,2018.0,478,4.027196652719665,4.022969608746441
6985,"Passion of Joan of Arc, The (Passion de Jeanne d'Arc, La) (1928)",Drama,1928.0,1402,4.024251069900143,4.022810122648356
32657,"Man Who Planted Trees, The (Homme qui plantait des arbres, L') (1987)",Animation|Drama,1987.0,355,4.028169014084507,4.022480146213702
1283,High Noon (1952),Drama|Western,1952.0,6162,4.0228010386238235,4.022473298539632
6918,"Unvanquished, The (Aparajito) (1957)",Drama,1957.0,489,4.026584867075664,4.022455014660472
116136,Olive Kitteridge (2014),Drama,2014.0,334,4.028443113772455,4.022397060113963
909,"Apartment, The (1960)",Comedy|Drama|Romance,1960.0,7320,4.0223360655737705,4.022060285741368
1086,Dial M for Murder (1954),Crime|Mystery|Thriller,1954.0,7688,4.02230749219563,4.022044917060897
6433,"Man with the Movie Camera, The (Chelovek s kino-apparatom) (1929)",Documentary,1929.0,876,4.023972602739726,4.02166903439441
232,Eat Drink Man Woman (Yin shi nan nu) (1994),Comedy|Drama|Romance,1994.0,6669,4.021967311440996,4.021664729755403
1247,"Graduate, The (1967)",Comedy|Drama|Romance,1967.0,23216,4.021601481736734,4.021514575424167
2931,Time of the Gypsies (Dom za vesanje) (1989),Comedy|Crime|Drama|Fantasy,1989.0,614,4.02442996742671,4.021145149672551
100556,"Act of Killing, The (2012)",Documentary,2012.0,1146,4.021378708551484,4.019621439197119
899,Singin' in the Rain (1952),Comedy|Musical|Romance,1952.0,14105,4.019638426090039,4.019495669681597
179915,1945 (2017),Drama,2017.0,25,4.1,4.019459711047844
115969,Generation War (2013),Drama|War,2013.0,131,4.034351145038168,4.018988061641291
32460,Knockin' on Heaven's Door (1997),Action|Comedy|Crime|Drama,1997.0,1033,4.0208131655372705,4.018865132558736
213,Burnt by the Sun (Utomlyonnye solntsem) (1994),Drama,1994.0,2073,4.019778099372889,4.0188074275654415
906,Gaslight (1944),Drama|Thriller,1944.0,2554,4.019185591229444,4.018398048590881
169252,Everything Will Be OK (2006),Animation|Drama,2006.0,196,4.028061224489796,4.017805112112585
8228,"Maltese Falcon, The (a.k.a. Dangerous Female) (1931)",Mystery,1931.0,3416,4.0182962529274,4.0177078444114365
111130,Powers of Ten (1977),Documentary,1977.0,170,4.029411764705882,4.017589605804022
3038,"Face in the Crowd, A (1957)",Drama,1957.0,797,4.020075282308658,4.017553707382093
1211,"Wings of Desire (Himmel über Berlin, Der) (1987)",Drama|Fantasy|Romance,1987.0,4595,4.0177366702937976,4.017299415313963
1244,Manhattan (1979),Comedy|Drama|Romance,1979.0,11253,4.01723984715187,4.017061342709755
2726,"Killing, The (1956)",Crime|Film-Noir,1956.0,2951,4.0176211453744495,4.016940539179916
947,My Man Godfrey (1936),Comedy|Romance,1936.0,2168,4.017066420664206,4.0161407429485205
6123,Sunless (Sans Soleil) (1983),Documentary,1983.0,449,4.020044543429844,4.015577410639228
162464,The Fifth Seal (1976),Drama|War,1976.0,33,4.075757575757576,4.015011777094052
30854,"River, The (He liu) (1997)",Drama,1997.0,33,4.075757575757576,4.015011777094052
32853,"Sorrow and the Pity, The (Le chagrin et la pitié) (1969)",Documentary|War,1969.0,169,4.0266272189349115,4.014768492387671
5475,Z (1969),Drama|Mystery|Thriller,1969.0,917,4.01690294438386,4.014717532315878
2936,Sullivan's Travels (1941),Adventure|Comedy|Romance,1941.0,1778,4.015466816647919,4.014340119212524
60069,WALL·E (2008),Adventure|Animation|Children|Romance|Sci-Fi,2008.0,42033,4.013953322389551,4.0139056836493
3811,Breaker Morant (1980),Drama|War,1980.0,1944,4.014917695473251,4.013887673277643
778,Trainspotting (1996),Comedy|Crime|Drama,1996.0,36950,4.013924221921515,4.013870031722187
26903,Whisper of the Heart (Mimi wo sumaseba) (1995),Animation|Drama|Romance,1995.0,1773,4.014946418499718,4.01381713363284
82,Antonia's Line (Antonia) (1995),Comedy|Drama,1995.0,2759,4.014135556361,4.013410145671239
194192,The Real Inglorious Bastards (2012),Documentary,2012.0,38,4.065789473684211,4.013135304957295
134244,Streetwise (1984),Documentary,1984.0,39,4.064102564102564,4.012814931665653
115122,What We Do in the Shadows (2014),Comedy|Horror,2014.0,4980,4.013152610441767,4.01275098598922
74727,Gentlemen of Fortune (Dzhentlmeny udachi) (1972),Comedy|Crime|Drama|Mystery,1972.0,707,4.015558698727015,4.012729777430595
68237,Moon (2009),Drama|Mystery|Sci-Fi|Thriller,2009.0,16137,4.012517816198798,4.012393916116135
117444,Song of the Sea (2014),Animation|Children|Fantasy,2014.0,1738,4.013521288837745,4.012370926550743
192001,His Last Vow,(no genres listed),,41,4.060975609756097,4.0122188883323675
7700,"Wages of Fear, The (Salaire de la peur, Le) (1953)",Action|Adventure|Drama|Thriller,1953.0,1321,4.013626040878123,4.012112934390243
4325,"Night, The (Notte, La) (1960)",Drama,1960.0,500,4.015,4.011006797207752
120478,The Salt of the Earth (2014),Documentary,2014.0,332,4.016566265060241,4.010555126342191
6650,Kind Hearts and Coronets (1949),Comedy|Drama,1949.0,1247,4.012028869286287,4.010428672696792
97,"Hate (Haine, La) (1995)",Crime|Drama,1995.0,3623,4.010626552580734,4.01007597577884
26048,"Human Condition II, The (Ningen no joken II) (1959)",Drama|War,1959.0,154,4.0227272727272725,4.009778283322383
116797,The Imitation Game (2014),Drama|Thriller|War,2014.0,26396,4.009793150477345,4.009717607856592
7767,"Best of Youth, The (La meglio gioventù) (2003)",Drama,2003.0,619,4.012924071082391,4.009702757163111
7938,Winter Light (Nattvardsgästerna) (1963),Drama,1963.0,664,4.0120481927710845,4.009047165462901
101962,Wolf Children (Okami kodomo no ame to yuki) (2012),Animation|Fantasy,2012.0,1228,4.010586319218241,4.008963749754709
2762,"Sixth Sense, The (1999)",Drama|Horror|Mystery,1999.0,60439,4.008065983884578,4.0080330473056085
77846,12 Angry Men (1997),Crime|Drama,1997.0,1089,4.009641873278237,4.007814309989268
3504,Network (1976),Comedy|Drama,1976.0,7301,4.007875633474867,4.007603096288962
1199,Brazil (1985),Fantasy|Sci-Fi,1985.0,19441,4.007304151021038,4.007201841907024
116845,Valley Uprising (2014),Documentary,2014.0,73,4.034246575342466,4.007005495977224
126430,The Pacific (2010),Action|Adventure|Drama|War,2010.0,848,4.008844339622642,4.006500484939167
212062,Mollami (2019),Comedy|Drama,2019.0,2,5.0,4.006353049572949
221430,Nico the Unicorn (1998),Adventure|Children|Fantasy,1998.0,2,5.0,4.006353049572949
237368,Picture Perfect Royal Christmas (2019),Romance,2019.0,2,5.0,4.006353049572949
258017,Mungaru Male (2006),Comedy|Drama|Romance,2006.0,2,5.0,4.006353049572949
259387,Anatomy of Time (2021),Drama,2021.0,2,5.0,4.006353049572949
284567,Look At Me: XXXTENTACION (2022),Documentary,2022.0,2,5.0,4.006353049572949
251740,Twenty One Pilots: Livestream Experience (2021),(no genres listed),2021.0,2,5.0,4.006353049572949
178297,SMART: The Documentary (2016),(no genres listed),2016.0,2,5.0,4.006353049572949
140377,About Sarah,Drama,,2,5.0,4.006353049572949
249106,Coming Home for Christmas (2017),Romance,2017.0,2,5.0,4.006353049572949
186535,The Brooklyn Banker (2016),Action|Crime|Drama,2016.0,2,5.0,4.006353049572949
140369,War Arrow (1954),Adventure|Drama|Romance|War|Western,1954.0,2,5.0,4.006353049572949
266794,Winter Love Story (2019),Romance,2019.0,2,5.0,4.006353049572949
150766,One Track Heart: The Story of Krishna Das (2013),Documentary,2013.0,2,5.0,4.006353049572949
162022,The Mill on the Floss (1937),Drama,1937.0,2,5.0,4.006353049572949
159797,La muerte de Jaime Roldós (2013),Documentary,2013.0,2,5.0,4.006353049572949
186233,The Scavengers (1970),Drama,1970.0,2,5.0,4.006353049572949
208090,The Fallen of World War II (2015),Documentary|War,2015.0,2,5.0,4.006353049572949
139547,Placebo: Soulmates Never Die: Live in Paris 2003 (2004),(no genres listed),2004.0,2,5.0,4.006353049572949
222374,The Colossus of Destiny: A Melvins Tale (2016),Documentary,2016.0,2,5.0,4.006353049572949
202936,ReMoved (2013),Drama,2013.0,2,5.0,4.006353049572949
181765,Forbidden Love: The Unashamed Stories of Lesbian Lives (1992),Documentary,1992.0,2,5.0,4.006353049572949
246890,Forever in My Heart (2019),Romance,2019.0,2,5.0,4.006353049572949
254116,Fighting Tommy Riley (2005),Action|Adventure|Drama,2005.0,2,5.0,4.006353049572949
282537,The Engagement Plot (2022),Comedy|Romance,2022.0,2,5.0,4.006353049572949
205535,L'Isola di Medea (2016),(no genres listed),2016.0,2,5.0,4.006353049572949
240448,Eastman (2020),Drama|War,2020.0,2,5.0,4.006353049572949
213177,The Light in the Forest (1958),Adventure|Drama|Romance|Western,1958.0,2,5.0,4.006353049572949
222057,One Winter Proposal (2019),Romance,2019.0,2,5.0,4.006353049572949
226640,Zabardast (2018),Documentary,2018.0,2,5.0,4.006353049572949
133297,Genius on Hold (2013),(no genres listed),2013.0,2,5.0,4.006353049572949
243480,Jealousy Is My Middle Name (2002),Drama|Romance,2002.0,2,5.0,4.006353049572949
243482,Crazed Fruit (1981),Drama,1981.0,2,5.0,4.006353049572949
169232,Christmas on Salvation Street (2014),(no genres listed),2014.0,2,5.0,4.006353049572949
151865,Hart to Hart: Till Death Do Us Hart (1996),Crime|Drama|Mystery,1996.0,2,5.0,4.006353049572949
195003,Shattered (2017),Drama,2017.0,2,5.0,4.006353049572949
282155,My One True Love (2022),Comedy|Romance,2022.0,2,5.0,4.006353049572949
194941,Solitary (2016),Documentary,2016.0,2,5.0,4.006353049572949
152711,Who Killed Chea Vichea? (2010),Documentary,2010.0,2,5.0,4.006353049572949
193529,Traces of Smoke (1992),(no genres listed),1992.0,2,5.0,4.006353049572949
188925,8 Murders a Day (2011),(no genres listed),2011.0,2,5.0,4.006353049572949
171279,Robin Williams - Off the Wall (1978),(no genres listed),1978.0,2,5.0,4.006353049572949
266084,A Ring for Christmas (2020),Romance,2020.0,2,5.0,4.006353049572949
218541,American Gospel: Christ Alone (2018),Documentary,2018.0,2,5.0,4.006353049572949
238998,Entertaining Christmas (2018),Children|Romance,2018.0,2,5.0,4.006353049572949
137674,Fatal Memories (1992),Drama,1992.0,2,5.0,4.006353049572949
143422,2 (2007),Drama,2007.0,2,5.0,4.006353049572949
239614,A Song for Christmas (2017),Drama|Romance,2017.0,2,5.0,4.006353049572949
267646,"With Love, Christmas (2017)",Romance,2017.0,2,5.0,4.006353049572949
184283,Clipping Adam (2004),Children|Drama,2004.0,2,5.0,4.006353049572949
224565,One Winter Weekend (2018),Romance,2018.0,2,5.0,4.006353049572949
264766,Bill Burr: One Night Stand (2005),(no genres listed),2005.0,2,5.0,4.006353049572949
233409,The Santa Squad (2020),(no genres listed),2020.0,2,5.0,4.006353049572949
151793,My Last Year With The Nuns (2014),(no genres listed),2014.0,2,5.0,4.006353049572949
169818,FB: Fighting Beat (2007),Action,2007.0,2,5.0,4.006353049572949
287355,Patterns of Evidence: Journey to Mount Sinai II (2023),Documentary,2023.0,2,5.0,4.006353049572949
97673,56 Up (2012),Documentary,2012.0,240,4.014583333333333,4.006303356191289
1200,Aliens (1986),Action|Adventure|Horror|Sci-Fi,1986.0,40182,4.006308794982828,4.006259342330238
1300,My Life as a Dog (Mitt liv som hund) (1985),Comedy|Drama,1985.0,3839,4.00664235477989,4.006124814422882
183437,World of Tomorrow Episode Two: The Burden of Other People's Thoughts (2017),Animation|Sci-Fi,2017.0,166,4.018072289156627,4.006103644037451
1223,"Grand Day Out with Wallace and Gromit, A (1989)",Adventure|Animation|Children|Comedy|Sci-Fi,1989.0,9704,4.006286067600989,4.006081332392159
50740,Seven Up! (1964),Documentary,1964.0,584,4.009417808219178,4.006016061771828
204304,Leningrad: Kolshik (2017),Action|Comedy,2017.0,3,4.666666666666667,4.005082439658359
195333,Tiger Boy (2012),Drama,2012.0,3,4.666666666666667,4.005082439658359
194212,Social Life of Small Urban Spaces (1988),(no genres listed),1988.0,3,4.666666666666667,4.005082439658359
171643,Jimi Plays Berkeley (2012),Documentary,2012.0,3,4.666666666666667,4.005082439658359
229835,Bending the Arc (2017),Documentary,2017.0,3,4.666666666666667,4.005082439658359
56548,All Passion Spent (1986),Drama,1986.0,3,4.666666666666667,4.005082439658359
201158,Run-Off (2016),Drama,2016.0,3,4.666666666666667,4.005082439658359
260925,Frank Zappa & The Mothers - Roxy - The Movie 1973 (2015),(no genres listed),2015.0,3,4.666666666666667,4.005082439658359
258553,Sarpatta Parambarai (2021),Action|Drama,2021.0,3,4.666666666666667,4.005082439658359
184557,Brigade Miscellaneous in the Mountains and at the Sea (1971),Comedy,1971.0,3,4.666666666666667,4.005082439658359
184559,Brigade Miscellaneous Steps In (1970),Comedy,1970.0,3,4.666666666666667,4.005082439658359
256477,Justice League: Secret Origins (2001),Action|Adventure|Animation|Sci-Fi,2001.0,3,4.666666666666667,4.005082439658359
207904,Smash and Grab: The Story of the Pink Panthers (2013),Crime|Documentary|Thriller,2013.0,3,4.666666666666667,4.005082439658359
137668,The New Year (2010),Comedy|Drama|Romance,2010.0,3,4.666666666666667,4.005082439658359
187695,Iron Maiden: Visions of the Beast (2003),(no genres listed),2003.0,3,4.666666666666667,4.005082439658359
254198,Her Pen Pal (2021),Romance,2021.0,3,4.666666666666667,4.005082439658359
166320,Classic Albums: Deep Purple - Machine Head (2002),Documentary,2002.0,3,4.666666666666667,4.005082439658359
193527,The Enclosed Valley (1995),(no genres listed),1995.0,3,4.666666666666667,4.005082439658359
141470,"Andrew Jenks, Room 335 (2008)",(no genres listed),2008.0,3,4.666666666666667,4.005082439658359
264301,"Tom Petty, Somewhere You Feel Free (2021)",Documentary,2021.0,3,4.666666666666667,4.005082439658359
265836,Christmas with The Chosen: The Messengers (2021),Drama,2021.0,3,4.666666666666667,4.005082439658359
234209,Mully (2015),Adventure|Children|Documentary|Drama,2015.0,3,4.666666666666667,4.005082439658359
248222,Truman & Tennessee: An Intimate Conversation (2021),Documentary,2021.0,3,4.666666666666667,4.005082439658359
215463,Mobile Suit Gundam Thunderbolt: December Sky (2016),Action|Animation|Drama|Sci-Fi|War,2016.0,3,4.666666666666667,4.005082439658359
148881,World of Tomorrow (2015),Animation|Comedy,2015.0,609,4.008210180623974,4.004951574792622
50658,49 Up (2005),Documentary,2005.0,520,4.008653846153846,4.004837954402858
8638,Before Sunset (2004),Drama|Romance,2004.0,6600,4.005075757575757,4.0047751305965305
71033,"Secret in Their Eyes, The (El secreto de sus ojos) (2009)",Crime|Drama|Mystery|Romance|Thriller,2009.0,3205,4.005148205928237,4.004529283504301
123,Chungking Express (Chung Hing sam lam) (1994),Drama|Mystery|Romance,1994.0,3683,4.004887320119468,4.004348822848926
1288,This Is Spinal Tap (1984),Comedy,1984.0,20453,4.0043758861780665,4.004278925064693
187769,Distant Sky - Nick Cave & The Bad Seeds Live in Copenhagen (2018),Documentary,2018.0,4,4.5,4.004235366381966
184639,Brazilian Holocaust (2016),Documentary,2016.0,4,4.5,4.004235366381966
121039,A Night for Dying Tigers (2010),Drama,2010.0,4,4.5,4.004235366381966
176179,Big Men (2014),Documentary,2014.0,4,4.5,4.004235366381966
118133,Winter Nomads (2012),Documentary,2012.0,4,4.5,4.004235366381966
186823,The Diplomat (2015),Documentary,2015.0,4,4.5,4.004235366381966
283137,Theater Camp (2023),Comedy,2023.0,4,4.5,4.004235366381966
115775,Mission Congo (2013),Documentary,2013.0,4,4.5,4.004235366381966
285971,His Only Son (2023),Drama,2023.0,4,4.5,4.004235366381966
273381,Jersey (2019),Drama,2019.0,4,4.5,4.004235366381966
1446,Kolya (Kolja) (1996),Comedy|Drama,1996.0,2599,4.004809542131589,4.004046679045864
287699,Oppenheimer (2023),Drama,2023.0,5,4.4,4.003630314041685
256319,Hawkeye (1988),Action,1988.0,5,4.4,4.003630314041685
262833,Radiograph of a Family (2020),Documentary,2020.0,5,4.4,4.003630314041685
190563,Plagues & Pleasures On the Salton Sea (2006),Documentary,2006.0,5,4.4,4.003630314041685
181175,War Requiem (1989),Drama|War,1989.0,5,4.4,4.003630314041685
144742,Milton Glaser: To Inform & Delight (2008),(no genres listed),2008.0,5,4.4,4.003630314041685
177593,"Three Billboards Outside Ebbing, Missouri (2017)",Crime|Drama,2017.0,7929,4.003846638920419,4.0035966980454285
955,Bringing Up Baby (1938),Comedy|Romance,1938.0,5417,4.003876684511722,4.003510871415075
1303,"Man Who Would Be King, The (1975)",Adventure|Drama,1975.0,4056,4.003821499013807,4.0033330241986915
7587,"Samouraï, Le (Godson, The) (1967)",Crime|Drama|Thriller,1967.0,1532,4.004569190600522,4.0032760183821985
164777,Sense and Sensibility (1981),Drama|Romance,1981.0,6,4.333333333333333,4.003176524786475
133794,Two Of Us (2000),Drama,2000.0,6,4.333333333333333,4.003176524786475
1269,Arsenic and Old Lace (1944),Comedy|Mystery|Thriller,1944.0,8210,4.003349573690621,4.0031083064050526
1273,Down by Law (1986),Comedy|Drama|Film-Noir,1986.0,3357,4.003425677688412,4.002835788091185
99960,Nursery University (2008),Documentary,2008.0,7,4.285714285714286,4.002823577587978
107730,By the People: The Election of Barack Obama (2009),Documentary,2009.0,7,4.285714285714286,4.002823577587978
170006,Rainer Werner Fassbinder's World on a Wire: Looking Ahead to Today (2010),Documentary,2010.0,7,4.285714285714286,4.002823577587978
74458,Shutter Island (2010),Drama|Mystery|Thriller,2010.0,30321,4.002852808284687,4.002787501638963
246,Hoop Dreams (1994),Documentary,1994.0,11731,4.0028130594152245,4.002644286388672
91741,Peas at 5:30 (Erbsen auf halb 6) (2004),Comedy|Drama|Romance,2004.0,8,4.25,4.00254121982918
213219,Lethal Kittens or how we came to Love our Shovels during a Limited Anti-Terrorist Operation with Temporary Elements of a State of War (2020),Comedy|War,2020.0,8,4.25,4.00254121982918
72649,"Ceremony, The (Gishiki) (1971)",Comedy|Drama,1971.0,8,4.25,4.00254121982918
140224,Filmage: The Story of Descendents/All,Documentary,,8,4.25,4.00254121982918
2973,Crimes and Misdemeanors (1989),Comedy|Crime|Drama,1989.0,4927,4.00284148569109,4.002439726556765
206162,Our Planet: Behind The Scenes (2019),Documentary,2019.0,9,4.222222222222222,4.002310199844709
177717,Steve Martin: A Wild and Crazy Guy (1978),Comedy,1978.0,9,4.222222222222222,4.002310199844709
48647,"Last Bolshevik, The (Tombeau d'Alexandre, Le) (1993)",Documentary,1993.0,11,4.181818181818182,4.001954784483984
156601,The T.A.M.I. Show (1964),Documentary,1964.0,11,4.181818181818182,4.001954784483984
70722,"Good Men, Good Women (1995)",Drama|Romance,1995.0,12,4.166666666666667,4.001815157020843
102742,Tie Xi Qu: West of the Tracks (Tiexi qu) (2003),Documentary,2003.0,12,4.166666666666667,4.001815157020843
152185,Marie's Story (2014),Drama,2014.0,12,4.166666666666667,4.001815157020843
166629,Köyden İndim Şehire (1974),Comedy|Drama,1974.0,12,4.166666666666667,4.001815157020843
98002,"Madrid, 1987 (2011)",Drama,2011.0,13,4.153846153846154,4.001694146552786
165059,Charles Darwin and the Tree of Life (2009),Documentary,2009.0,13,4.153846153846154,4.001694146552786
158827,All of My Heart (2015),Romance,2015.0,13,4.153846153846154,4.001694146552786
210111,Agent Sai Srinivasa Athreya (2019),Comedy|Crime|Mystery,2019.0,13,4.153846153846154,4.001694146552786
168250,Get Out (2017),Horror,2017.0,11970,4.0017543859649125,4.001589159054318
98241,Starry starry night (Xing kong) (2011),Children|Drama|Fantasy,2011.0,14,4.142857142857143,4.001588262393238
145753,Wodaabe: Herdsmen of the Sun (1989),Documentary,1989.0,14,4.142857142857143,4.001588262393238
156565,Amal (2007),Drama,2007.0,15,4.133333333333334,4.001494835193635
3801,Anatomy of a Murder (1959),Drama|Mystery,1959.0,2439,4.002050020500205,4.001239415075088
64418,"Man Named Pearl, A (2006)",Documentary,2006.0,20,4.1,4.001155099922354
174841,Pandora's Box (1992),Drama,1992.0,21,4.095238095238095,4.001104878186599
197041,Double King (2017),Animation,2017.0,24,4.083333333333333,4.0009773922419924
3681,For a Few Dollars More (Per qualche dollaro in più) (1965),Action|Drama|Thriller|Western,1965.0,7153,4.001188312596113,4.000912007295359
184383,1987: When the Day Comes (2017),Drama|Thriller,2017.0,27,4.074074074074074,4.000876282699717
121374,Bill Burr: Why Do I Do This? (2008),Comedy,2008.0,227,4.008810572687224,4.000110970298217
96966,Laurence Anyways (2012),Drama|Romance,2012.0,284,4.007042253521127,4.0000888538401815
90947,"Oslo, August 31st (Oslo, 31. august) (2011)",Drama,2011.0,319,4.006269592476489,4.000079165726765
1264,Diva (1981),Action|Drama|Mystery|Romance|Thriller,1981.0,2805,4.000713012477719,4.000009053152223
126090,Hedgehog in the Fog (1975),Animation,1975.0,419,4.0035799522673035,3.998872713060076
80906,Inside Job (2010),Documentary,2010.0,3012,3.9988379814077026,3.998183613868046
8656,"Short Film About Killing, A (Krótki film o zabijaniu) (1988)",Crime|Drama,1988.0,753,4.00066401062417,3.9980469035738966
31410,"Downfall (Untergang, Der) (2004)",Drama|War,2004.0,7504,3.998200959488273,3.9979383709296954
6611,Umberto D. (1952),Drama,1952.0,652,4.000766871165644,3.99774527859066
104944,Short Term 12 (2013),Drama,2013.0,2236,3.998211091234347,3.9973303897222037
3359,Breaking Away (1979),Comedy|Drama,1979.0,3534,3.997594793435201,3.997037729694087
46855,Army of Shadows (L'armée des ombres) (1969),Action|Drama|Thriller|War,1969.0,612,4.0,3.9967840589548724
924,2001: A Space Odyssey (1968),Adventure|Drama|Sci-Fi,1968.0,37113,3.9965645461159163,3.9965115293600513
1236,Trust (1990),Comedy|Drama|Romance,1990.0,1100,3.998181818181818,3.996393296005709
66371,Departures (Okuribito) (2008),Drama,2008.0,1373,3.9978150036416604,3.9963821179623937
1900,"Children of Heaven, The (Bacheha-Ye Aseman) (1997)",Comedy|Drama,1997.0,1082,3.9981515711645104,3.9963334060869853
4806,"Shop on Main Street, The (Obchod na korze) (1965)",Drama,1965.0,263,4.003802281368821,3.996322310182233
110,Braveheart (1995),Action|Drama|War,1995.0,75514,3.9961662738035333,3.996140227398145
178613,Dave Chappelle: Killin' Them Softly (2000),Comedy,2000.0,347,4.001440922190202,3.9957748200524126
166643,Hidden Figures (2016),Drama,2016.0,5878,3.996002041510718,3.995667587108553
7215,To Have and Have Not (1944),Adventure|Drama|Romance|Thriller|War,1944.0,1239,3.996771589991929,3.99518566655785
2131,Autumn Sonata (Höstsonaten) (1978),Drama,1978.0,831,3.996991576413959,3.9946283459763405
165069,Baseball (1994),Documentary,1994.0,83,4.018072289156627,3.9944166140975508
130970,George Carlin: Life Is Worth Losing (2005),Comedy,2005.0,345,4.0,3.994309545240034
7669,Pride and Prejudice (1995),Drama|Romance,1995.0,3229,3.9947352121399815,3.994127332775702
1272,Patton (1970),Drama|War,1970.0,9974,3.9942350110286746,3.994038232978979
275503,Aftersun (2022),Drama,2022.0,403,3.998759305210918,3.9938899066624485
8785,Early Summer (Bakushû) (1951),Drama,1951.0,230,4.002173913043478,3.9936440180960857
4235,Amores Perros (Love's a Bitch) (2000),Drama|Thriller,2000.0,7923,3.993436829483781,3.9931893264603517
8014,"Spring, Summer, Fall, Winter... and Spring (Bom yeoreum gaeul gyeoul geurigo bom) (2003)",Drama,2003.0,2759,3.993657122145705,3.9929465455263644
96488,Searching for Sugar Man (2012),Documentary,2012.0,1881,3.993886230728336,3.992844085076097
33779,Eddie Izzard: Dress to Kill (1999),Comedy,1999.0,640,3.9953125,3.992251420869613
7234,"Strada, La (1954)",Drama,1954.0,1527,3.993451211525868,3.992168353301695
50742,7 Plus Seven (1970),Documentary,1970.0,365,3.9972602739726026,3.9918948561261356
1732,"Big Lebowski, The (1998)",Comedy|Crime,1998.0,37746,3.9916282520002118,3.991576385827018
38159,"Short Film About Love, A (Krótki film o milosci) (1988)",Drama|Romance,1988.0,501,3.9950099800399204,3.991104199201375
994,Big Night (1996),Comedy|Drama,1996.0,5744,3.9911211699164344,3.9907806147229885
115713,Ex Machina (2015),Drama|Sci-Fi|Thriller,2015.0,21335,3.9907429107101007,3.9906512355156907
741,Ghost in the Shell (Kôkaku kidôtai) (1995),Animation|Sci-Fi,1995.0,10986,3.9907154560349536,3.990537441954704
8516,"Matter of Life and Death, A (Stairway to Heaven) (1946)",Drama|Fantasy|Romance,1946.0,570,3.993859649122807,3.990429042304706
6783,"Rules of the Game, The (La règle du jeu) (1939)",Comedy|Drama,1939.0,1157,3.991789109766638,3.990099579118457
3789,"Pawnbroker, The (1964)",Drama,1964.0,745,3.9919463087248324,3.989324514321676
3949,Requiem for a Dream (2000),Drama,2000.0,30402,3.989178343530031,3.9891141103867347
85774,Senna (2010),Documentary,2010.0,2247,3.989764129951046,3.9888952477537982
95604,The War (2007),Documentary|War,2007.0,85,4.011764705882353,3.988797841359676
176423,Icarus (2017),Documentary,2017.0,900,3.9905555555555554,3.9883873749426737
2502,Office Space (1999),Comedy|Crime,1999.0,29871,3.9881657795185967,3.988100472406464
7132,"Night at the Opera, A (1935)",Comedy|Musical|Romance,1935.0,2038,3.9889597644749752,3.9880026530383783
1266,Unforgiven (1992),Drama|Western,1992.0,18381,3.9879767150862304,3.987870609378137
140737,The Lost Room (2006),Action|Fantasy|Mystery,2006.0,445,3.992134831460674,3.9877525999961785
602,"Great Day in Harlem, A (1994)",Documentary,1994.0,357,3.992997198879552,3.9875359671261608
134252,That Munchhausen (1979),Comedy|Drama|Fantasy,1979.0,155,4.0,3.9874230076324317
25954,Orpheus (Orphée) (1950),Drama|Fantasy|Romance,1950.0,389,3.992287917737789,3.9872772690493394
141818,Ordinary Miracle (1978),Comedy|Drama|Fantasy|Romance,1978.0,152,4.0,3.9871780012876092
3634,Seven Days in May (1964),Thriller,1964.0,1043,3.988974113135187,3.987105657606021
3097,"Shop Around the Corner, The (1940)",Comedy|Drama|Romance,1940.0,2114,3.987937559129612,3.987015790263843
1259,Stand by Me (1986),Adventure|Drama,1986.0,28316,3.986986156236757,3.9869173462885197
73881,3 Idiots (2009),Comedy|Drama|Romance,2009.0,2279,3.987713909609478,3.986859014554271
32906,"Ascent, The (Voskhozhdeniye) (1977)",Drama|War,1977.0,185,3.997297297297297,3.986766910151293
2925,"Conformist, The (Conformista, Il) (1970)",Drama,1970.0,1277,3.9882537196554426,3.9867282347132855
26712,35 Up (1991),Documentary,1991.0,480,3.990625,3.9865672452246717
7071,"Woman Under the Influence, A (1974)",Drama,1974.0,701,3.9893009985734667,3.986522634705963
7013,"Night of the Hunter, The (1955)",Drama|Film-Noir|Thriller,1955.0,2516,3.9870826709062004,3.9863087419373677
189701,Us and Them (2018),Drama,2018.0,32,4.046875,3.986041535243876
3741,Badlands (1973),Crime|Drama|Thriller,1973.0,3250,3.9866153846153844,3.9860164244152188
3683,Blood Simple (1984),Crime|Drama|Film-Noir,1984.0,6729,3.985956308515381,3.9856671240823487
57183,Like Stars on Earth (Taare Zameen Par) (2007),Drama,2007.0,657,3.9885844748858448,3.985622780270549
149822,The Work of Director Spike Jonze (2003),Documentary,2003.0,31,4.048387096774194,3.9856185514633884
175791,LA 92 (2017),Documentary,2017.0,131,4.0,3.9851534751751263
3088,Harvey (1950),Comedy|Fantasy,1950.0,4209,3.9853884533143265,3.984926481167963
150696,Tomorrow (2015),Documentary,2015.0,29,4.051724137931035,3.984690716073929
197879,Apollo 11 (2019),Documentary,2019.0,863,3.986095017381228,3.983844407165655
5385,"Last Waltz, The (1978)",Documentary,1978.0,1185,3.9852320675105486,3.9835934390887044
205156,Jojo Rabbit (2019),Comedy|War,2019.0,6434,3.983680447622008,3.9833787153819595
1080,Monty Python's Life of Brian (1979),Comedy,1979.0,28801,3.983316551508628,3.9832491550254585
55721,Elite Squad (Tropa de Elite) (2007),Action|Crime|Drama|Thriller,2007.0,2221,3.984016208914903,3.9831423356717464
1206,"Clockwork Orange, A (1971)",Crime|Drama|Sci-Fi|Thriller,1971.0,38195,3.983008247152769,3.9829574420032543
363,"Wonderful, Horrible Life of Leni Riefenstahl, The (Macht der Bilder: Leni Riefenstahl, Die) (1993)",Documentary,1993.0,670,3.985820895522388,3.9829247205331724
3083,All About My Mother (Todo sobre mi madre) (1999),Drama,1999.0,5560,3.9830935251798563,3.982744590470747
162,Crumb (1994),Documentary,1994.0,6758,3.9827611719443623,3.9824741734021143
290,Once Were Warriors (1994),Crime|Drama,1994.0,4405,3.9828603859250853,3.982420107147332
7096,Rivers and Tides (2001),Documentary,2001.0,333,3.987987987987988,3.98216540954714
2068,Fanny and Alexander (Fanny och Alexander) (1982),Drama|Fantasy|Mystery,1982.0,2459,3.9829198861325743,3.982131414952577
195671,An Elephant Sitting Still (2018),Drama,2018.0,80,4.00625,3.9820172219303873
85342,Elite Squad: The Enemy Within (Tropa de Elite 2 - O Inimigo Agora É Outro) (2010),Action|Crime|Drama,2010.0,2024,3.9829545454545454,3.981996748370331
1291,Indiana Jones and the Last Crusade (1989),Action|Adventure,1989.0,48979,3.981920823209947,3.9818812480798327
140299,B-Movie: Lust & Sound in West-Berlin (2015),Documentary|Musical,2015.0,24,4.0625,3.981746623011223
145994,Formula of Love (1984),Comedy,1984.0,106,4.0,3.981716779613813
194448,Green Book (2018),Comedy|Drama,2018.0,5853,3.98197505552708,3.981643964508675
8188,Sansho the Bailiff (Sanshô dayû) (1954),Drama,1954.0,402,3.986318407960199,3.981498545045277
1210,Star Wars: Episode VI - Return of the Jedi (1983),Action|Adventure|Sci-Fi,1983.0,76773,3.981302020241491,3.981276788175816
3334,Key Largo (1948),Crime|Drama|Film-Noir|Thriller,1948.0,3318,3.981314044605184,3.9807305458428592
104374,About Time (2013),Drama|Fantasy|Romance,2013.0,8145,3.9806629834254146,3.9804253605251376
1227,Once Upon a Time in America (1984),Crime|Drama,1984.0,6131,3.9805904420159846,3.9802748104024612
77854,"Work of Director Michel Gondry, The (2003)",Comedy|Documentary,2003.0,250,3.988,3.9802595722154437
168282,George Carlin: Playin' with Your Head (1986),Comedy|Documentary,1986.0,47,4.0212765957446805,3.980110453026363
2810,Perfect Blue (1997),Animation|Horror|Mystery|Thriller,1997.0,2918,3.980637422892392,3.979974456232292
36363,Kin-Dza-Dza! (1986),Comedy|Drama|Sci-Fi,1986.0,815,3.98159509202454,3.9792232707445434
147300,Adventures Of Sherlock Holmes And Dr. Watson: The Twentieth Century Approaches (1986),Crime|Mystery,1986.0,137,3.9927007299270074,3.9786000877574947
2788,Monty Python's And Now for Something Completely Different (1971),Comedy,1971.0,7015,3.978617248752673,3.9783419427388194
954,Mr. Smith Goes to Washington (1939),Drama,1939.0,7268,3.9786048431480463,3.9783391213477706
52767,21 Up (1977),Documentary,1977.0,550,3.981818181818182,3.978306906156326
8125,Sunrise: A Song of Two Humans (1927),Drama|Romance,1927.0,881,3.9801362088535757,3.9779449741770008
140958,Next Goal Wins (2014),Documentary,2014.0,19,4.078947368421052,3.9774005808710378
115569,Nightcrawler (2014),Crime|Drama|Thriller,2014.0,13465,3.9773858150761234,3.9772425493575625
457,"Fugitive, The (1993)",Thriller,1993.0,61732,3.976875850450334,3.976844614186644
936,Ninotchka (1939),Comedy|Romance,1939.0,1659,3.9776974080771548,3.9765354679098683
8484,"Human Condition I, The (Ningen no joken I) (1959)",Drama|War,1959.0,231,3.984848484848485,3.9765039150141277
172577,Last Year's Snow Was Falling (1983),Animation|Children|Comedy|Fantasy,1983.0,244,3.9836065573770494,3.975713057716633
259919,The Alpinist (2021),Documentary,2021.0,118,3.9915254237288136,3.975211768319098
173309,Legend of the Galactic Heroes: Overture to a New War (1993),Sci-Fi,1993.0,17,4.088235294117647,3.9750216946469363
161113,Twenty Years Later (1985),(no genres listed),1985.0,17,4.088235294117647,3.9750216946469363
89759,"Separation, A (Jodaeiye Nader az Simin) (2011)",Drama,2011.0,2525,3.9756435643564356,3.9748814452703964
3152,"Last Picture Show, The (1971)",Drama,1971.0,3332,3.974639855942377,3.974062811097268
106889,Tim's Vermeer (2013),Documentary,2013.0,363,3.979338842975207,3.9740422252007996
48394,"Pan's Labyrinth (Laberinto del fauno, El) (2006)",Drama|Fantasy|Thriller,2006.0,27045,3.974043261231281,3.9739721748141488
3095,"Grapes of Wrath, The (1940)",Drama,1940.0,4436,3.9743011722272317,3.97386782609245
138908,The Pirates of Penzance (1980),Adventure|Comedy,1980.0,16,4.09375,3.9736340110162107
933,To Catch a Thief (1955),Crime|Mystery|Romance|Thriller,1955.0,5943,3.9737506309944473,3.973427319125028
1719,"Sweet Hereafter, The (1997)",Drama,1997.0,4122,3.9736778262979136,3.9732117876329514
91529,"Dark Knight Rises, The (2012)",Action|Adventure|Crime|IMAX,2012.0,31704,3.9730002523340904,3.97293967741747
7939,Through a Glass Darkly (Såsom i en spegel) (1961),Drama,1961.0,736,3.9755434782608696,3.972934162870314
160590,Survive and Advance (2013),(no genres listed),2013.0,34,4.029411764705882,3.9729281166192165
156846,Vabank II (1985),Comedy|Crime,1985.0,34,4.029411764705882,3.9729281166192165
1358,Sling Blade (1996),Drama,1996.0,15738,3.9727093658660566,3.972587383240044
2010,Metropolis (1927),Drama|Sci-Fi,1927.0,7702,3.9724746819008048,3.9722255207941704
26090,"Easy Life, The (Il Sorpasso) (1962)",Comedy|Drama,1962.0,141,3.9858156028368796,3.9722056797083347
91762,"Last Lions, The (2011)",Documentary,2011.0,51,4.009803921568627,3.972177588647015
31954,Beautiful City (Shah-re ziba) (2004),Drama,2004.0,33,4.03030303030303,3.972154634236908
26578,"Sacrifice, The (Offret - Sacraficatio) (1986)",Drama,1986.0,607,3.9752883031301485,3.972127113626095
165737,Accidentally Engaged (2016),Comedy|Romance,2016.0,15,4.1,3.972083070487752
581,"Celluloid Closet, The (1995)",Documentary,1995.0,2018,3.972497522299306,3.9715472337615303
107061,Urusei Yatsura Movie 2: Beautiful Dreamer (Urusei Yatsura 2: Byûtifuru dorîmâ) (1984),Animation|Comedy|Fantasy,1984.0,32,4.03125,3.971335652890935
42217,Late Spring (Banshun) (1949),Drama,1949.0,431,3.9756380510440836,3.9711903284025216
100714,Before Midnight (2013),Drama|Romance,2013.0,3178,3.971680302076778,3.9710771736472616
1289,Koyaanisqatsi (a.k.a. Koyaanisqatsi: Life Out of Balance) (1983),Documentary,1983.0,3610,3.971468144044321,3.970937268050468
30749,Hotel Rwanda (2004),Drama|War,2004.0,14757,3.9703191705631227,3.9701894039025873
34405,Serenity (2005),Action|Adventure|Sci-Fi,2005.0,15781,3.9701539826373486,3.9700326561615844
26729,Hearts of Darkness: A Filmmakers Apocalypse (1991),Documentary,1991.0,1324,3.971299093655589,3.969853252034911
3578,Gladiator (2000),Action|Adventure|Drama,2000.0,60749,3.9697196661673444,3.9696881600664726
6777,Judgment at Nuremberg (1961),Drama,1961.0,1313,3.971058644325971,3.969601073915051
82143,Alone in the Wilderness (2004),Documentary,2004.0,422,3.9739336492890995,3.969399557071443
1263,"Deer Hunter, The (1978)",Drama|War,1978.0,14465,3.969512616660906,3.9693803423099667
27033,"Kingdom II, The (Riget II) (1997)",Drama|Horror|Mystery,1997.0,290,3.975862068965517,3.9692651102681222
94959,Moonrise Kingdom (2012),Comedy|Drama|Romance,2012.0,12489,3.969012731203459,3.9688596118964288
200950,Game of Thrones - Conquest & Rebellion (2017),Animation|Fantasy,2017.0,29,4.0344827586206895,3.968561683815864
174879,Three Men and a Leg (1997),Comedy,1997.0,29,4.0344827586206895,3.968561683815864
84248,"Organizer, The (I compagni) (1963)",Crime|Drama,1963.0,29,4.0344827586206895,3.968561683815864
151681,Blood Brother (2013),Documentary,2013.0,13,4.115384615384615,3.9683608132194528
4422,Cries and Whispers (Viskningar och rop) (1972),Drama,1972.0,1050,3.97,3.968180049618148
307,Three Colors: Blue (Trois couleurs: Bleu) (1993),Drama,1993.0,8532,3.9675925925925926,3.9673688085538186
1192,Paris Is Burning (1990),Documentary,1990.0,1498,3.968291054739653,3.9670169414655283
254726,Dune (2021),Action|Adventure|Drama|Sci-Fi,2021.0,5437,3.966893507448961,3.9665426387568106
93721,Jiro Dreams of Sushi (2011),Documentary,2011.0,2397,3.967250730079266,3.9664549446428894
194602,Dying to Survive (2018),Comedy|Drama,2018.0,27,4.037037037037037,3.966393524079028
82003,"Rendez-vous d'Anna, Les (Meetings of Anna, The) (1978)",Drama,1978.0,27,4.037037037037037,3.966393524079028
137904,"I, Claudius (1976)",Drama,1976.0,116,3.9827586206896552,3.966317052527897
186275,Emilie Muller (1994),(no genres listed),1994.0,12,4.125,3.9661008713065566
181497,Laughter and Grief by the White Sea (1988),Animation|Comedy|Drama,1988.0,12,4.125,3.9661008713065566
1293,Gandhi (1982),Drama,1982.0,12407,3.9662287418392843,3.966075059408356
157318,Perfect Strangers (2016),Comedy|Drama,2016.0,659,3.9688922610015176,3.965999110738717
30856,Rebels of the Neon God (Qing shao nian nuo zha) (1992),Drama,1992.0,100,3.985,3.965935413708743
4995,"Beautiful Mind, A (2001)",Drama|Romance,2001.0,43013,3.965835910073699,3.965791593913712
52104,"Moment of Innocence, A (Nun va Goldoon) (1996)",Drama,1996.0,70,3.992857142857143,3.965630724976275
8128,Au revoir les enfants (1987),Drama,1987.0,1087,3.96688132474701,3.9651289368212046
7063,"Aguirre: The Wrath of God (Aguirre, der Zorn Gottes) (1972)",Adventure|Drama,1972.0,2355,3.965605095541401,3.9647965261766194
2804,"Christmas Story, A (1983)",Children|Comedy,1983.0,15875,3.9646299212598426,3.9645100089562444
7116,Diabolique (Les diaboliques) (1955),Horror|Mystery|Thriller,1955.0,1785,3.965546218487395,3.9644798053711763
3645,Cleo from 5 to 7 (Cléo de 5 à 7) (1962),Drama,1962.0,646,3.96671826625387,3.963773784256623
58,"Postman, The (Postino, Il) (1994)",Comedy|Drama|Romance,1994.0,13551,3.9639141022802744,3.96377373365294
69529,Home (2009),Documentary,2009.0,511,3.9667318982387476,3.963012499411875
203375,Ford v. Ferrari (2019),Action|Drama,2019.0,5190,3.9632947976878614,3.962928623304756
69524,Raiders of the Lost Ark: The Adaptation (1989),Action|Adventure|Thriller,1989.0,1346,3.9643387815750373,3.9629268636485846
141946,Meru (2015),Action|Adventure|Documentary,2015.0,251,3.9701195219123506,3.9625510363568845
665,Underground (1995),Comedy|Drama|War,1995.0,1571,3.963717377466582,3.962508208644814
111759,Edge of Tomorrow (2014),Action|Sci-Fi|IMAX,2014.0,20421,3.962416140247784,3.9623231362776425
589,Terminator 2: Judgment Day (1991),Action|Sci-Fi,1991.0,71820,3.9623015873015874,3.9622751442761035
118166,Courier (1987),Comedy|Drama|Romance,1987.0,143,3.9755244755244754,3.9622442220571847
2970,Fitzcarraldo (1982),Adventure|Drama,1982.0,1836,3.963235294117647,3.962200985962074
156896,Sherpa (2015),Adventure|Documentary,2015.0,37,4.013513513513513,3.9621900563664556
965,"39 Steps, The (1935)",Drama|Mystery|Thriller,1935.0,4415,3.9620611551528877,3.9616312909663325
5989,Catch Me If You Can (2002),Crime|Drama,2002.0,39714,3.9614619529636905,3.961414175954232
168760,Cosy Dens (1999),Comedy|Drama,1999.0,49,4.0,3.9612825921233688
281096,Puss in Boots: The Last Wish (2022),Adventure|Animation|Children|Comedy|Fantasy,2022.0,1104,3.9628623188405796,3.961144133994839
153828,"Waiter, Scarper! (1981)",Comedy,1981.0,23,4.043478260869565,3.961016487931672
86345,Louis C.K.: Hilarious (2010),Comedy,2010.0,2215,3.9618510158013542,3.960994773206266
98996,Filming 'Othello' (1978),Documentary,1978.0,10,4.15,3.960451016524317
98273,"Last Trapper, The (Le dernier trappeur) (2004)",Adventure|Documentary,2004.0,10,4.15,3.960451016524317
86288,"Day the Universe Changed, The (1985)",Documentary,1985.0,10,4.15,3.960451016524317
68954,Up (2009),Adventure|Animation|Children|Drama,2009.0,38751,3.9604526334804264,3.9604037213170153
118085,"Welcome, or No Trespassing (1964)",Children|Comedy,1964.0,111,3.9774774774774775,3.9604018778609893
2692,Run Lola Run (Lola rennt) (1998),Action|Crime,1998.0,23202,3.96045599517283,3.960374306679809
4928,That Obscure Object of Desire (Cet obscur objet du désir) (1977),Drama,1977.0,905,3.962430939226519,3.960336727892273
281556,God's Crooked Lines (2022),Drama|Mystery|Thriller,2022.0,35,4.014285714285714,3.960146275629508
1066,Shall We Dance (1937),Comedy|Musical|Romance,1937.0,1561,3.9612427930813583,3.9600290545094636
3198,Papillon (1973),Crime|Drama,1973.0,5491,3.960116554361683,3.9597716024391576
1046,Beautiful Thing (1996),Drama|Romance,1996.0,1498,3.9609479305740987,3.9596836081321944
1278,Young Frankenstein (1974),Comedy|Fantasy,1974.0,19517,3.9597530358149307,3.959655997346088
176371,Blade Runner 2049 (2017),Sci-Fi,2017.0,11456,3.9596281424581004,3.959462856711319
256567,Flee (2021),Animation|Documentary,2021.0,108,3.9768518518518516,3.95932192907538
1235,Harold and Maude (1971),Comedy|Drama|Romance,1971.0,10559,3.9594658585093288,3.959286564927402
6981,"Ordet (Word, The) (1955)",Drama,1955.0,378,3.9642857142857144,3.9592774005218203
5878,Talk to Her (Hable con Ella) (2002),Drama|Romance,2002.0,4611,3.9593363695510737,3.958925951051006
129514,George Carlin: It's Bad for Ya! (2008),Comedy,2008.0,685,3.961313868613139,3.958552273942201
1952,Midnight Cowboy (1969),Drama,1969.0,8129,3.95872801082544,3.9584953157297127
118302,The Pokrovsky Gates (1983),Comedy|Drama|Musical|Romance,1983.0,117,3.9743589743589745,3.9581967411621157
8491,White Heat (1949),Crime|Drama|Film-Noir,1949.0,886,3.9599322799097068,3.957798887610689
1270,Back to the Future (1985),Adventure|Comedy|Sci-Fi,1985.0,67777,3.957795417324461,3.9577675299458286
6273,In a Lonely Place (1950),Drama|Film-Noir|Mystery|Romance,1950.0,802,3.960099750623441,3.957743049997875
112556,Gone Girl (2014),Drama|Thriller,2014.0,21171,3.9577251901185586,3.957635923685746
80337,Still Bill (2009),Documentary,2009.0,21,4.0476190476190474,3.9576266173170342
196307,Flight of the Conchords: Live in London (2018),Comedy,2018.0,21,4.0476190476190474,3.9576266173170342
224711,Fishing with John (1991),Comedy|Documentary,1991.0,21,4.0476190476190474,3.9576266173170342
26094,"Eclisse, L' (Eclipse) (1962)",Drama,1962.0,468,3.9615384615384617,3.9575008770176425
1292,Being There (1979),Comedy|Drama,1979.0,7699,3.957721782049617,3.9574763553042844
3362,Dog Day Afternoon (1975),Crime|Drama,1975.0,10072,3.9571584590945195,3.9569709561443607
151915,The Guide (2014),Drama,2014.0,9,4.166666666666667,3.956855654390164
169788,4.1 Miles (2016),Documentary,2016.0,9,4.166666666666667,3.956855654390164
152767,Jerusalem (2013),Documentary,2013.0,9,4.166666666666667,3.956855654390164
280812,"Luxembourg, Luxembourg (2022)",Comedy,2022.0,9,4.166666666666667,3.956855654390164
102917,War Made Easy: How Presidents & Pundits Keep Spinning Us to Death (2007),Documentary|War,2007.0,9,4.166666666666667,3.956855654390164
149308,Depeche Mode: 101 (1989),(no genres listed),1989.0,9,4.166666666666667,3.956855654390164
196915,Thin (2006),Documentary,2006.0,9,4.166666666666667,3.956855654390164
6660,"Red Shoes, The (1948)",Drama|Fantasy|Musical|Romance,1948.0,912,3.9588815789473686,3.9568111730834703
7981,Infernal Affairs (Mou gaan dou) (2002),Crime|Drama|Thriller,2002.0,3140,3.9571656050955415,3.956564421450761
86347,Louis C.K.: Chewed Up (2008),Comedy,2008.0,1749,3.9574042309891366,3.9563251925746954
8542,"Day at the Races, A (1937)",Comedy|Musical,1937.0,1072,3.9580223880597014,3.9562620225309977
138835,Return to Treasure Island (1988),Adventure|Animation|Comedy,1988.0,180,3.966666666666667,3.956183583507098
31437,Nobody Knows (Dare mo shiranai) (2004),Drama,2004.0,724,3.958563535911602,3.955957868041724
103984,"Great Beauty, The (Grande Bellezza, La) (2013)",Comedy|Drama,2013.0,1325,3.9573584905660377,3.955934749207454
3037,Little Big Man (1970),Western,1970.0,4471,3.9561619324535897,3.955740087681263
172587,Vacations in Prostokvashino (1980),Animation,1980.0,166,3.966867469879518,3.955508405942213
2927,Brief Encounter (1946),Drama|Romance,1946.0,1345,3.9568773234200743,3.9554754359304316
250010,Bo Burnham: Inside (2021),Comedy,2021.0,1705,3.9563049853372436,3.95519942132296
76208,"Cremator, The (Spalovac mrtvol) (1969)",Comedy|Drama|Horror|Thriller,1969.0,175,3.9657142857142857,3.954945831628767
27834,"Return, The (Vozvrashcheniye) (2003)",Drama,2003.0,928,3.956896551724138,3.954866034621819
159849,Bo Burnham: Make Happy (2016),Comedy,2016.0,506,3.958498023715415,3.9547744334612043
556,"War Room, The (1993)",Documentary,1993.0,1341,3.9560029828486205,3.9545982220389364
7505,"Kingdom, The (Riget) (1994)",Drama|Horror|Mystery,1994.0,520,3.957692307692308,3.9540716708779535
2677,Buena Vista Social Club (1999),Documentary|Musical,1999.0,3132,3.954661558109834,3.954060437842467
5017,"Big Heat, The (1953)",Drama|Film-Noir,1953.0,908,3.9559471365638768,3.9538740793387825
6509,Ali: Fear Eats the Soul (Angst essen Seele auf) (1974),Drama|Romance,1974.0,614,3.9568403908794787,3.9537750198024213
85312,"House of Small Cubes, The (Tsumiki no ie) (2008)",Animation|Drama,2008.0,308,3.9594155844155843,3.953307781284812
5304,"Rome, Open City (a.k.a. Open City) (Roma, città aperta) (1945)",Drama|War,1945.0,768,3.9557291666666665,3.9532797561016775
190077,The Wild Pear Tree (2018),Drama,2018.0,115,3.9695652173913043,3.953208651267451
1111,Microcosmos (Microcosmos: Le peuple de l'herbe) (1996),Documentary,1996.0,2054,3.9537487828627067,3.952833371691776
139195,Jim Henson's The Storyteller (1989),Fantasy,1989.0,61,3.9836065573770494,3.9527843206078064
194588,The Last Supper (1976),Drama,1976.0,8,4.1875,3.95254121982918
173317,Shadow World (2016),Documentary,2016.0,8,4.1875,3.95254121982918
179479,"Samadhi Part 1: Maya, the Illusion of the Self",Documentary,,8,4.1875,3.95254121982918
261835,"Poirot: ""The Labours of Hercules"" (2013)",Crime|Drama|Mystery,2013.0,8,4.1875,3.95254121982918
134947,Dirt! The Movie (2009),Documentary,2009.0,8,4.1875,3.95254121982918
191843,Strokes of Genius (2018),Documentary,2018.0,8,4.1875,3.95254121982918
206188,The IT Crowd Manual (2014),Comedy|Documentary,2014.0,8,4.1875,3.95254121982918
26326,"Holy Mountain, The (Montaña sagrada, La) (1973)",Drama,1973.0,1202,3.953826955074875,3.95226363139393
26550,Mishima: A Life in Four Chapters (1985),Drama,1985.0,269,3.95910780669145,3.9521232922446194
26325,Hearts and Minds (1974),Documentary|War,1974.0,133,3.9661654135338344,3.9520400903577166
3338,For All Mankind (1989),Documentary,1989.0,414,3.9565217391304346,3.9519841639382016
7979,Monterey Pop (1968),Documentary|Musical,1968.0,347,3.956772334293948,3.951362212602555
1245,Miller's Crossing (1990),Crime|Drama|Film-Noir|Thriller,1990.0,7685,3.951398828887443,3.9511546002599567
171647,Pink Floyd: Live at Pompeii (1972),Documentary,1972.0,120,3.966666666666667,3.9510279688384573
55908,"Man from Earth, The (2007)",Drama|Sci-Fi,2007.0,4432,3.951376353790614,3.950952957194022
6331,Spellbound (2002),Documentary,2002.0,3335,3.951424287856072,3.95086167581609
118888,Dave Chappelle: For What it's Worth (2004),Comedy,2004.0,454,3.9548458149779737,3.950713623241868
33154,Enron: The Smartest Guys in the Room (2005),Documentary,2005.0,1906,3.9514690451206715,3.950485016875415
206399,For Sama (2019),Documentary,2019.0,98,3.9693877551020407,3.9502541219829177
5912,Hit the Bank (Vabank) (1981),Comedy|Crime,1981.0,118,3.9661016949152543,3.950211768319098
140174,Room (2015),Drama,2015.0,6666,3.9501200120012,3.949838844060931
101850,Death on the Staircase (Soupçons) (2004),Crime|Documentary,2004.0,305,3.955737704918033,3.9495941765416673
81736,Hamlet (Gamlet) (1964),Drama,1964.0,47,3.9893617021276597,3.949498208128404
30803,3-Iron (Bin-jip) (2004),Drama|Romance,2004.0,1690,3.9505917159763313,3.9494831041361067
1238,Local Hero (1983),Comedy,1983.0,3478,3.9498274870615298,3.9492889115512337
5825,"Life and Death of Colonel Blimp, The (1943)",Drama|Romance|War,1943.0,498,3.9528112449799195,3.9490508243965836
4406,"Man Who Shot Liberty Valance, The (1962)",Crime|Drama|Western,1962.0,2491,3.9496186270574065,3.9488669924581994
5319,Nine Queens (Nueve reinas) (2000),Crime|Thriller,2000.0,1819,3.9496976360637714,3.94866854047133
154358,The Barkley Marathons: The Race That Eats Its Young (2015),Documentary,2015.0,202,3.957920792079208,3.948653981364176
168492,Call Me by Your Name (2017),Drama|Romance,2017.0,3361,3.948675989288902,3.94811936134353
7925,"Hidden Fortress, The (Kakushi-toride no san-akunin) (1958)",Action|Adventure,1958.0,1496,3.949197860962567,3.9479475381831053
27815,"Chorus, The (Choristes, Les) (2004)",Drama,2004.0,2013,3.9488325881768507,3.947903430371361
33264,Satan's Tango (Sátántangó) (1994),Drama,1994.0,189,3.9576719576719577,3.9477770272161874
139106,You Don't Know Bo (2012),Documentary,2012.0,74,3.972972972972973,3.9477027920827865
95654,Geri's Game (1997),Animation|Children,1997.0,1415,3.9487632508833923,3.9474420693001355
146323,Sharpe's Enemy (1994),Action|Adventure|War,1994.0,26,4.019230769230769,3.9473361499389927
7820,"Virgin Spring, The (Jungfrukällan) (1960)",Crime|Drama,1960.0,851,3.9494712103407754,3.9472748091421943
192089,"National Theatre Live: One Man, Two Guvnors (2011)",Comedy,2011.0,7,4.214285714285714,3.947268022032422
184379,May It Last: A Portrait of the Avett Brothers (2017),Documentary,2017.0,7,4.214285714285714,3.947268022032422
193345,BBS: The Documentary (2005),Documentary,2005.0,7,4.214285714285714,3.947268022032422
198211,The Sun in a Net (1963),Drama,1963.0,7,4.214285714285714,3.947268022032422
260167,The Dark Side of the Rainbow (2000),(no genres listed),2000.0,7,4.214285714285714,3.947268022032422
136210,American Animal (2012),Comedy|Drama,2012.0,7,4.214285714285714,3.947268022032422
164771,Love Finds You in Valentine (2016),Drama|Romance,2016.0,7,4.214285714285714,3.947268022032422
209163,Bad Poems (2018),Comedy|Drama,2018.0,7,4.214285714285714,3.947268022032422
1175,Delicatessen (1991),Comedy|Drama|Romance,1991.0,8917,3.94740383537064,3.9471942383897622
4334,Yi Yi (2000),Drama,2000.0,1015,3.948768472906404,3.9469276422795403
147144,Hachi-ko (1987),(no genres listed),1987.0,35,4.0,3.9466327621159945
187717,Won't You Be My Neighbor? (2018),Documentary,2018.0,1297,3.947956823438705,3.946516868512927
3467,Hud (1963),Drama|Western,1963.0,1790,3.947486033519553,3.9464427523427967
3989,One Day in September (1999),Documentary,1999.0,650,3.9492307692307693,3.9463579941691593
1104,"Streetcar Named Desire, A (1951)",Drama,1951.0,8251,3.946370136953097,3.9461438764326053
136477,One Froggy Evening (1955),Animation|Children|Comedy,1955.0,211,3.9549763033175354,3.9461286957666277
167678,Superheroes: A Never-Ending Battle (2013),Documentary,2013.0,16,4.0625,3.9458562332384326
195645,Something Useful (2017),Drama,2017.0,16,4.0625,3.9458562332384326
17,Sense and Sensibility (1995),Drama|Romance,1995.0,25248,3.9458967046894804,3.9458227886019124
2932,Days of Heaven (1978),Drama,1978.0,2157,3.946685210941122,3.945820014913521
116951,Bo Burnham: what. (2013),Comedy,2013.0,484,3.949380165289256,3.945525539502658
1734,My Life in Pink (Ma vie en rose) (1997),Comedy|Drama,1997.0,2003,3.9463305042436345,3.9453992080789484
3814,Love and Death (1975),Comedy,1975.0,2196,3.94603825136612,3.945188995540624
5120,Sleuth (1972),Comedy|Mystery|Thriller,1972.0,1772,3.9461060948081266,3.9450537836517996
61240,Let the Right One In (Låt den rätte komma in) (2008),Drama|Fantasy|Horror|Romance,2008.0,7513,3.9450286170637563,3.9447804939718285
26184,"Diamond Arm, The (Brilliantovaya ruka) (1968)",Action|Adventure|Comedy|Crime|Thriller,1968.0,348,3.949712643678161,3.9443583205665482
3736,"Ace in the Hole (Big Carnival, The) (1951)",Drama,1951.0,954,3.9460167714884697,3.9440642387011424
106782,"Wolf of Wall Street, The (2013)",Comedy|Crime|Drama,2013.0,27916,3.9438314944834505,3.9437647901783186
7091,Horse Feathers (1932),Comedy,1932.0,1072,3.9454291044776117,3.943692190128763
185927,Wild Wild Country (2018),Documentary,2018.0,733,3.946111869031378,3.9435719893854313
599,"Wild Bunch, The (1969)",Adventure|Western,1969.0,3953,3.9438401214267644,3.9433692571929937
215,Before Sunrise (1995),Drama|Romance,1995.0,8835,3.9434634974533105,3.9432528473688233
2070,Tender Mercies (1983),Drama|Romance|Western,1983.0,1883,3.9442379182156135,3.9432495555428604
5121,Stroszek (1977),Comedy|Drama,1977.0,533,3.9465290806754223,3.9430381536416665
32892,Ivan's Childhood (a.k.a. My Name is Ivan) (Ivanovo detstvo) (1962),Drama|War,1962.0,767,3.9452411994784877,3.9428158806219664
1036,Die Hard (1988),Action|Crime|Thriller,1988.0,47472,3.9426714694978093,3.942632291616428
104283,"Wind Rises, The (Kaze tachinu) (2013)",Animation|Drama|Romance,2013.0,2219,3.943217665615142,3.942379744348623
4878,Donnie Darko (2001),Drama|Mystery|Sci-Fi|Thriller,2001.0,36667,3.9423732511522624,3.942322545261619
2819,Three Days of the Condor (3 Days of the Condor) (1975),Drama|Mystery|Romance|Thriller,1975.0,4274,3.942676649508657,3.9422416773148488
2951,"Fistful of Dollars, A (Per un pugno di dollari) (1964)",Action|Western,1964.0,9452,3.942234447735929,3.9420378053943614
25850,Holiday (1938),Comedy|Drama|Romance,1938.0,621,3.9444444444444446,3.941453310109618
1246,Dead Poets Society (1989),Drama,1989.0,32558,3.940874746606057,3.940817733789874
198263,Ready.. Set.. Zoom! (1955),(no genres listed),1955.0,6,4.25,3.9406765247864746
149328,Dreamkeeper (2003),Children|Drama,2003.0,6,4.25,3.9406765247864746
91007,I Want to Be a Soldier (2011),Drama,2011.0,6,4.25,3.9406765247864746
209859,Bring the Soul: The Movie (2019),Documentary,2019.0,6,4.25,3.9406765247864746
136608,L'amour existe (1960),Documentary,1960.0,6,4.25,3.9406765247864746
188161,Krautrock : The Rebirth of Germany (2009),Documentary,2009.0,6,4.25,3.9406765247864746
166153,A Fool (2015),Adventure|Comedy|Drama,2015.0,6,4.25,3.9406765247864746
161768,Bimboland (1998),Comedy|Romance,1998.0,6,4.25,3.9406765247864746
178033,Domestic Violence (2001),Documentary,2001.0,6,4.25,3.9406765247864746
26776,Porco Rosso (Crimson Pig) (Kurenai no buta) (1992),Adventure|Animation|Comedy|Fantasy|Romance,1992.0,4171,3.941021337808679,3.9405764227649875
143990,Little Dorrit (2008),Drama,2008.0,90,3.9611111111111112,3.940493610850998
3265,Hard-Boiled (Lat sau san taam) (1992),Action|Crime|Drama|Thriller,1992.0,3333,3.940894089408941,3.9403374549320214
41627,Samurai Rebellion (Jôi-uchi: Hairyô tsuma shimatsu) (1967),Action|Drama,1967.0,274,3.947080291970803,3.9403094644865644
4920,"Now, Voyager (1942)",Drama|Romance,1942.0,609,3.9433497536945814,3.940303456953014
65514,Ip Man (2008),Action|Drama|War,2008.0,4373,3.9405442487994513,3.940120094216753
7937,"Silence, The (Tystnaden) (1963)",Drama,1963.0,548,3.9434306569343067,3.940046203996894
7043,Vivre sa vie: Film en douze tableaux (My Life to Live) (1962),Drama,1962.0,772,3.9423575129533677,3.9399553129176894
4262,Scarface (1983),Action|Crime|Drama,1983.0,19997,3.939965994899235,3.9398732642731287
4914,Breathless (À bout de souffle) (1960),Crime|Drama|Romance,1960.0,2868,3.940376569037657,3.9397301087798926
158258,The Battle of Chile - Part 1 (1975),Documentary,1975.0,14,4.071428571428571,3.9390882623932373
150228,"Inner Worlds, Outer Worlds (2012)",Documentary,2012.0,14,4.071428571428571,3.9390882623932373
158244,Twisted (2013),Comedy,2013.0,14,4.071428571428571,3.9390882623932373
4967,No Man's Land (2001),Drama|War,2001.0,2297,3.9390509360034827,3.938245068376812
66934,Dr. Horrible's Sing-Along Blog (2008),Comedy|Drama|Musical|Sci-Fi,2008.0,5336,3.938437031484258,3.9380901858745396
8620,"Exterminating Angel, The (Ángel exterminador, El) (1962)",Comedy|Drama|Fantasy|Mystery,1962.0,882,3.939342403628118,3.937245941400783
4783,"Endurance: Shackleton's Legendary Antarctic Expedition, The (2000)",Documentary,2000.0,722,3.9397506925207755,3.937189795853994
946,To Be or Not to Be (1942),Comedy|Drama|War,1942.0,1792,3.937779017857143,3.93674772140373
119153,Bill Burr: You People Are All the Same (2012),Comedy,2012.0,288,3.9427083333333335,3.9362945248216956
163112,Winnie the Pooh Goes Visiting (1971),Animation,1971.0,193,3.9455958549222796,3.936027754863035
86377,Louis C.K.: Shameless (2007),Comedy,2007.0,2197,3.9367319071461084,3.9358915016818066
37240,Why We Fight (2005),Documentary,2005.0,899,3.9377085650723025,3.935655285458703
26171,Play Time (a.k.a. Playtime) (1967),Comedy,1967.0,712,3.938202247191011,3.9356098210060106
6920,"Cercle Rouge, Le (Red Circle, The) (1970)",Crime|Thriller,1970.0,704,3.938210227272727,3.935588402547155
8154,"Dolce Vita, La (1960)",Drama,1960.0,2235,3.936241610738255,3.9354159196237335
2624,After Life (Wandafuru raifu) (1998),Drama|Fantasy,1998.0,941,3.9373007438894794,3.935339779637637
6791,Babette's Feast (Babettes gæstebud) (1987),Drama,1987.0,1469,3.936351259360109,3.9350954535678397
69761,Through the Olive Trees (Zire darakhatan zeyton) (1994),Drama,1994.0,90,3.9555555555555557,3.9350588282423025
42783,Shadows of Our Forgotten Ancestors (Tini zabutykh predkiv) (1964),Drama|Romance,1964.0,128,3.94921875,3.9348108630637832
2732,Jules and Jim (Jules et Jim) (1961),Drama|Romance,1961.0,2336,3.935359589041096,3.934570321727242
25750,Sherlock Jr. (1924),Comedy|Fantasy|Romance,1924.0,952,3.9364495798319328,3.9345130106900332
2997,Being John Malkovich (1999),Comedy|Drama|Fantasy,1999.0,37775,3.9345334215751158,3.934484617947383
1274,Akira (1988),Action|Adventure|Animation|Sci-Fi,1988.0,12122,3.9343755155914866,3.9342234751070846
90341,Catching Hell (2011),Documentary,2011.0,66,3.962121212121212,3.934197238210173
27344,Revolutionary Girl Utena: Adolescence of Utena (a.k.a. Revolutionary Girl Utena the Movie) (Shoujo kakumei Utena: Adolescence mokushiroku) (1999),Action|Adventure|Animation|Comedy|Drama|Fantasy|Romance,1999.0,58,3.9655172413793105,3.93375686997153
126426,Solyaris (1968),Drama|Sci-Fi,1968.0,306,3.939542483660131,3.9335240655788697
2575,"Dreamlife of Angels, The (Vie rêvée des anges, La) (1998)",Drama,1998.0,1461,3.934633812457221,3.933373487490288
95311,Presto (2008),Animation|Children|Comedy|Fantasy,2008.0,1040,3.9350961538461537,3.933325731476287
167392,Dangal (2016),Drama,2016.0,575,3.9365217391304346,3.9333196051963464
225173,Soul (2020),Adventure|Animation|Children|Comedy|Fantasy,2020.0,4799,3.9336320066680557,3.9332483674647554
7478,Swimming to Cambodia (1987),Drama,1987.0,443,3.9367945823927766,3.9326413757264986
